Date,Open,High,Low,Close,Adj Close,Volume,Day
2018-02-12,19.700001,19.809999,19.65,19.790001,19.790001,19500,0
2018-02-13,20.1,20.280001,20.09,20.280001,20.280001,13300,1
2018-02-14,20.370001,20.709999,20.34,20.690001,20.690001,37200,2
2018-02-15,20.719999,20.719999,20.59,20.700001,20.700001,2300,3
2018-02-16,20.65,20.85,20.65,20.65,20.65,155200,4
2018-02-20,20.549999,20.549999,20.389999,20.43,20.43,3800,5
2018-02-21,20.42,20.68,20.42,20.5,20.5,7100,6
2018-02-22,20.620001,20.620001,20.620001,20.620001,20.620001,700,7
2018-02-23,20.5,20.58,20.43,20.540001,20.540001,6800,8
2018-02-26,20.52,20.559999,20.469999,20.549999,20.549999,6400,9
2018-02-27,20.360001,20.360001,20.219999,20.25,20.25,1700,10
2018-02-28,20.15,20.15,19.91,19.959999,19.959999,6700,11
2018-03-01,19.75,19.98,19.75,19.940001,19.940001,5300,12
2018-03-02,19.879999,19.950001,19.809999,19.950001,19.950001,2400,13
2018-03-05,19.9,19.950001,19.84,19.84,19.84,20600,14
2018-03-06,20.1,20.139999,20.059999,20.059999,20.059999,1300,15
2018-03-07,19.959999,20.01,19.92,19.98,19.98,3000,16
2018-03-08,19.59,19.639999,19.549999,19.610001,19.610001,29300,17
2018-03-09,19.870001,20.01,19.82,20,20,10700,18
2018-03-12,19.969999,19.969999,19.85,19.85,19.85,2800,19
2018-03-13,19.959999,20.040001,19.92,19.969999,19.969999,5000,20
2018-03-14,20.190001,20.280001,20.07,20.120001,20.120001,16900,21
2018-03-15,19.85,19.950001,19.799999,19.950001,19.950001,5000,22
2018-03-16,19.85,19.85,19.700001,19.75,19.75,1200,23
2018-03-19,19.77,19.77,19.559999,19.559999,19.559999,2100,24
2018-03-20,19.35,19.42,19.35,19.370001,19.370001,1300,25
2018-03-21,19.41,19.719999,19.309999,19.65,19.65,4200,26
2018-03-22,19.360001,19.370001,19.18,19.299999,19.299999,5700,27
2018-03-23,19.209999,19.25,18.99,19.049999,19.049999,2900,28
2018-03-26,19.040001,19.040001,18.969999,19.040001,19.040001,4100,29
2018-03-27,19.02,19.17,19.02,19.040001,19.040001,16100,30
2018-03-28,19.09,19.15,19.09,19.120001,19.120001,1400,31
2018-03-29,19.379999,19.379999,19.200001,19.200001,19.200001,4400,32
2018-04-02,19.49,19.52,19.41,19.41,19.41,5300,33
2018-04-03,19.42,19.549999,19.42,19.51,19.51,1200,34
2018-04-04,19.17,19.200001,19.17,19.200001,19.200001,3400,35
2018-04-05,19.370001,19.370001,19.370001,19.370001,19.370001,800,36
2018-04-06,19.34,19.42,19.219999,19.42,19.42,1400,37
2018-04-09,19.59,19.65,19.549999,19.549999,19.549999,4900,38
2018-04-10,19.91,20,19.889999,19.950001,19.950001,4700,39
2018-04-11,19.93,19.950001,19.83,19.85,19.85,2900,40
2018-04-12,19.4,19.5,19.4,19.5,19.5,400,41
2018-04-13,19.549999,19.559999,19.549999,19.559999,19.559999,700,42
2018-04-16,19.790001,19.790001,19.700001,19.700001,19.700001,400,43
2018-04-17,19.57,19.639999,19.52,19.639999,19.639999,1900,44
2018-04-18,20.16,20.16,20.110001,20.15,20.15,4300,45
2018-04-19,19.959999,19.959999,19.959999,19.959999,19.959999,500,46
2018-04-20,19.959999,20.049999,19.959999,20.02,20.02,1100,47
2018-04-23,20.219999,20.219999,19.76,19.809999,19.809999,5600,48
2018-04-24,20.08,20.08,20.049999,20.049999,20.049999,7200,49
2018-04-25,20.02,20.02,20,20,20,900,50
2018-04-26,19.959999,19.98,19.870001,19.92,19.92,15500,51
2018-04-27,19.440001,19.530001,19.41,19.530001,19.530001,5000,52
2018-04-30,19.459999,19.530001,19.370001,19.5,19.5,1900,53
2018-05-01,19.280001,19.360001,19.17,19.360001,19.360001,3600,54
2018-05-02,19.43,19.450001,19.43,19.450001,19.450001,400,55
2018-05-03,19.559999,19.66,19.559999,19.610001,19.610001,3300,56
2018-05-04,19.469999,19.540001,19.450001,19.540001,19.540001,3100,57
2018-05-07,19.690001,19.690001,19.549999,19.549999,19.549999,1900,58
2018-05-08,19.360001,19.5,19.190001,19.49,19.49,2900,59
2018-05-09,19.4,19.41,19.4,19.41,19.41,2500,60
2018-05-10,19.68,19.77,19.68,19.75,19.75,19100,61
2018-05-11,19.73,19.780001,19.73,19.76,19.76,2200,62
2018-05-14,19.6,19.639999,19.6,19.620001,19.620001,3600,63
2018-05-15,19.360001,19.360001,19.360001,19.360001,19.360001,600,64
2018-05-16,19.42,19.530001,19.42,19.530001,19.530001,300,65
2018-05-17,19.57,19.57,19.57,19.57,19.57,100,66
2018-05-18,19.57,19.57,19.57,19.57,19.57,0,67
2018-05-21,19.57,19.57,19.57,19.57,19.57,0,68
2018-05-22,19.57,19.57,19.57,19.57,19.57,0,69
2018-05-23,19.530001,19.530001,19.49,19.49,19.49,600,70
2018-05-24,19.48,19.73,19.48,19.690001,19.690001,2800,71
2018-05-25,19.690001,19.690001,19.690001,19.690001,19.690001,0,72
2018-05-29,19.5,19.549999,19.35,19.42,19.42,4400,73
2018-05-30,19.33,19.549999,19.33,19.549999,19.549999,17200,74
2018-05-31,19.549999,19.549999,19.549999,19.549999,19.549999,0,75
2018-06-01,19.58,19.65,19.58,19.65,19.65,15300,76
2018-06-04,19.799999,19.98,19.799999,19.98,19.98,3600,77
2018-06-05,20.120001,20.5,20.09,20.41,20.41,3800,78
2018-06-06,20.639999,20.780001,20.559999,20.780001,20.780001,10800,79
2018-06-07,20.950001,21,20.700001,20.700001,20.700001,20900,80
2018-06-08,20.91,20.940001,20.85,20.92,20.92,9300,81
2018-06-11,20.799999,20.799999,20.65,20.65,20.65,2900,82
2018-06-12,20.629999,20.65,20.59,20.59,20.59,1500,83
2018-06-13,20.66,20.74,20.610001,20.73,20.73,4600,84
2018-06-14,20.540001,20.540001,20.42,20.42,20.42,4200,85
2018-06-15,20.16,20.16,19.93,19.93,19.93,3300,86
2018-06-18,19.83,19.870001,19.73,19.870001,19.870001,1100,87
2018-06-19,19.34,19.450001,19.32,19.35,19.35,6200,88
2018-06-20,19.309999,19.33,19.200001,19.33,19.33,28800,89
2018-06-21,19.299999,19.309999,19.18,19.26,19.26,22000,90
2018-06-22,19.219999,19.299999,19.17,19.27,19.27,20000,91
2018-06-25,19.17,19.17,18.91,18.93,18.93,29000,92
2018-06-26,18.969999,19.049999,18.969999,19.049999,19.049999,17000,93
2018-06-27,18.959999,19.059999,18.889999,18.889999,18.889999,21000,94
2018-06-28,18.719999,18.76,18.65,18.74,18.74,6100,95
2018-06-29,18.74,18.75,18.700001,18.709999,18.709999,23100,96
2018-07-02,18.57,18.57,18.48,18.48,18.48,7300,97
2018-07-03,18.58,18.58,18.4,18.43,18.43,17700,98
2018-07-05,18.049999,18.049999,17.85,17.91,17.91,43400,99
2018-07-06,17.92,17.92,17.700001,17.799999,17.799999,12000,100
2018-07-09,18.059999,18.15,18,18.15,18.15,13100,101
2018-07-10,17.889999,17.950001,17.860001,17.889999,17.889999,7100,102
2018-07-11,17.870001,17.93,17.24,17.379999,17.379999,9700,103
2018-07-12,17.57,17.6,17.540001,17.57,17.57,20100,104
2018-07-13,17.58,17.58,17.5,17.559999,17.559999,5100,105
2018-07-16,17.440001,17.540001,17.440001,17.540001,17.540001,153500,106
2018-07-17,17.370001,17.459999,17.360001,17.379999,17.379999,8600,107
2018-07-18,17.32,17.48,17.27,17.469999,17.469999,10700,108
2018-07-19,17.049999,17.120001,17.01,17.1,17.1,17300,109
2018-07-20,17.299999,17.4,17.299999,17.379999,17.379999,46100,110
2018-07-23,17.4,17.4,17.299999,17.299999,17.299999,8000,111
2018-07-24,17.719999,17.85,17.67,17.700001,17.700001,30800,112
2018-07-25,17.85,18.049999,17.76,18.049999,18.049999,19300,113
2018-07-26,17.75,17.780001,17.690001,17.700001,17.700001,5100,114
2018-07-27,17.75,17.860001,17.59,17.639999,17.639999,10600,115
2018-07-30,17.639999,17.709999,17.629999,17.65,17.65,8900,116
2018-07-31,17.74,17.91,17.74,17.9,17.9,6100,117
2018-08-01,17.459999,17.469999,17.290001,17.290001,17.290001,13300,118
2018-08-02,17.24,17.27,17.23,17.25,17.25,1500,119
2018-08-03,17.360001,17.450001,17.360001,17.41,17.41,500,120
2018-08-06,17.25,17.290001,17.219999,17.219999,17.219999,1800,121
2018-08-07,17.41,17.459999,17.35,17.41,17.41,5100,122
2018-08-08,17.4,17.4,17.33,17.4,17.4,4100,123
2018-08-09,17.59,17.629999,17.440001,17.450001,17.450001,2400,124
2018-08-10,17.35,17.42,17.32,17.32,17.32,9700,125
2018-08-13,17.440001,17.440001,17.209999,17.280001,17.280001,3600,126
2018-08-14,17.030001,17.059999,16.940001,16.959999,16.959999,9700,127
2018-08-15,16.75,16.75,16.200001,16.32,16.32,12800,128
2018-08-16,16.450001,16.639999,16.41,16.459999,16.459999,6600,129
2018-08-17,16.559999,16.82,16.549999,16.82,16.82,6500,130
2018-08-20,16.870001,16.870001,16.76,16.85,16.85,4900,131
2018-08-21,16.99,17.030001,16.940001,16.940001,16.940001,9200,132
2018-08-22,16.98,16.98,16.870001,16.879999,16.879999,1100,133
2018-08-23,16.879999,16.879999,16.879999,16.879999,16.879999,0,134
2018-08-24,17.01,17.15,16.99,17.030001,17.030001,6700,135
2018-08-27,17.25,17.25,17.01,17.07,17.07,161800,136
2018-08-28,17.25,17.290001,17.17,17.17,17.17,6900,137
2018-08-29,17.16,17.16,17.049999,17.049999,17.049999,4500,138
2018-08-30,16.950001,17.030001,16.809999,16.879999,16.879999,4100,139
2018-08-31,16.870001,16.870001,16.700001,16.719999,16.719999,4200,140
2018-09-04,16.290001,16.34,16.200001,16.34,16.34,14100,141
2018-09-05,16.360001,16.43,16.33,16.42,16.42,23500,142
2018-09-06,16.58,16.68,16.51,16.540001,16.540001,13200,143
2018-09-07,16.559999,16.610001,16.370001,16.379999,16.379999,4100,144
2018-09-10,16.52,16.52,16.440001,16.459999,16.459999,6700,145
2018-09-11,16.280001,16.450001,16.200001,16.440001,16.440001,2600,146
2018-09-12,16.49,16.83,16.450001,16.83,16.83,24600,147
2018-09-13,17.030001,17.040001,16.780001,16.82,16.82,11200,148
2018-09-14,16.75,16.75,16.34,16.440001,16.440001,3500,149
2018-09-17,16.540001,16.620001,16.540001,16.58,16.58,8900,150
2018-09-18,17.09,17.16,17.030001,17.15,17.15,26700,151
2018-09-19,17.16,17.18,17.059999,17.120001,17.120001,5600,152
2018-09-20,17.110001,17.32,17.040001,17.32,17.32,8300,153
2018-09-21,17.73,17.950001,17.709999,17.85,17.85,26700,154
2018-09-24,17.969999,17.969999,17.709999,17.709999,17.709999,20800,155
2018-09-25,17.83,17.83,17.67,17.67,17.67,2300,156
2018-09-26,17.719999,17.790001,17.700001,17.700001,17.700001,1300,157
2018-09-27,17.459999,17.459999,17.35,17.43,17.43,3300,158
2018-09-28,17.559999,17.610001,17.549999,17.58,17.58,8400,159
2018-10-01,17.35,17.540001,17.35,17.48,17.48,4000,160
2018-10-02,17.809999,17.83,17.559999,17.58,17.58,9600,161
2018-10-03,17.57,17.809999,17.57,17.73,17.73,5200,162
2018-10-04,17.879999,17.91,17.4,17.469999,17.469999,5100,163
2018-10-05,17.450001,17.450001,17.33,17.35,17.35,11100,164
2018-10-08,17.35,17.42,17.33,17.42,17.42,4000,165
2018-10-09,17.389999,17.66,17.34,17.629999,17.629999,10000,166
2018-10-10,17.639999,17.639999,17.26,17.32,17.32,8700,167
2018-10-11,17.370001,17.639999,17.33,17.360001,17.360001,6500,168
2018-10-12,17.690001,17.719999,17.52,17.68,17.68,17100,169
2018-10-15,17.68,17.780001,17.469999,17.49,17.49,2600,170
2018-10-16,17.5,17.5,17.41,17.43,17.43,31800,171
2018-10-17,17.5,17.5,17.370001,17.370001,17.370001,1700,172
2018-10-18,17.190001,17.280001,17.120001,17.15,17.15,16600,173
2018-10-19,17.309999,17.459999,17.309999,17.459999,17.459999,2100,174
2018-10-22,17.58,17.58,17.41,17.440001,17.440001,6900,175
2018-10-23,17.219999,17.389999,17.219999,17.34,17.34,3000,176
2018-10-24,17.290001,17.32,17.25,17.25,17.25,3100,177
2018-10-25,17.27,17.32,17.27,17.32,17.32,4900,178
2018-10-26,17.120001,17.219999,17.09,17.190001,17.190001,2600,179
2018-10-29,17.290001,17.290001,16.879999,16.969999,16.969999,3600,180
2018-10-30,16.85,16.870001,16.690001,16.77,16.77,14200,181
2018-10-31,16.790001,16.809999,16.66,16.68,16.68,3100,182
2018-11-01,16.799999,17.110001,16.799999,17.049999,17.049999,2800,183
2018-11-02,17.469999,17.66,17.469999,17.639999,17.639999,26400,184
2018-11-05,17.4,17.4,17.25,17.27,17.27,15400,185
2018-11-06,17.280001,17.280001,17.09,17.139999,17.139999,2400,186
2018-11-07,17.15,17.25,17.15,17.18,17.18,5600,187
2018-11-08,17.120001,17.16,17.059999,17.120001,17.120001,16900,188
2018-11-09,16.24,17,16.24,16.84,16.84,6900,189
2018-11-12,16.83,16.860001,16.76,16.77,16.77,2500,190
2018-11-13,16.92,16.92,16.790001,16.790001,16.790001,1400,191
2018-11-14,16.950001,17.059999,16.91,17.059999,17.059999,7200,192
2018-11-15,17.219999,17.309999,17.219999,17.27,17.27,18300,193
2018-11-16,17.33,17.540001,17.27,17.5,17.5,28100,194
2018-11-19,17.5,17.5,17.469999,17.49,17.49,700,195
2018-11-20,17.52,17.559999,17.209999,17.23,17.23,42300,196
2018-11-21,17.49,17.49,17.42,17.48,17.48,7400,197
2018-11-23,17.370001,17.42,17.34,17.34,17.34,1500,198
2018-11-26,17.27,17.34,17.23,17.23,17.23,7300,199
2018-11-27,17.15,17.18,17.049999,17.049999,17.049999,2300,200
2018-11-28,17.25,17.530001,17.25,17.49,17.49,20800,201
2018-11-29,17.43,17.43,17.389999,17.389999,17.389999,3900,202
2018-11-30,17.33,17.450001,17.33,17.42,17.42,12100,203
2018-12-03,17.809999,17.809999,17.65,17.65,17.65,5400,204
2018-12-04,17.4,17.4,17.17,17.200001,17.200001,20800,205
2018-12-06,17.040001,17.16,16.92,17.16,17.16,6600,206
2018-12-07,17.18,17.23,17.17,17.23,17.23,10100,207
2018-12-10,17.1,17.139999,16.93,16.99,16.99,3900,208
2018-12-11,17.26,17.26,17.219999,17.25,17.25,1100,209
2018-12-12,17.219999,17.309999,17.219999,17.23,17.23,11100,210
2018-12-13,17.42,17.42,17.25,17.27,17.27,1800,211
2018-12-14,17.120001,17.24,17.120001,17.219999,17.219999,4500,212
2018-12-17,17.08,17.18,17,17.120001,17.120001,6000,213
2018-12-18,16.83,16.84,16.6,16.620001,16.620001,5600,214
2018-12-19,16.65,17.33,16.639999,16.66,16.66,13200,215
2018-12-20,16.48,17.42,16.48,16.780001,16.780001,5000,216
2018-12-21,16.77,16.77,16.629999,16.639999,16.639999,59000,217
2018-12-24,16.6,16.66,16.6,16.620001,16.620001,3500,218
2018-12-26,16.9,16.91,16.809999,16.879999,16.879999,3900,219
2018-12-27,16.66,16.76,16.66,16.76,16.76,700,220
2018-12-28,16.75,16.77,16.709999,16.73,16.73,7800,221
2018-12-31,16.6,16.6,16.43,16.440001,16.440001,56400,222
2019-01-02,16.26,16.33,16.23,16.280001,16.280001,7800,223
2019-01-03,16.15,16.15,15.94,16.1,16.1,11500,224
2019-01-04,16.26,16.52,16.26,16.52,16.52,3200,225
2019-01-07,16.52,16.52,16.450001,16.450001,16.450001,2700,226
2019-01-08,16.459999,16.59,16.459999,16.57,16.57,1500,227
2019-01-09,16.67,16.68,16.58,16.67,16.67,2900,228
2019-01-10,16.5,16.559999,16.49,16.51,16.51,2500,229
2019-01-11,16.549999,16.67,16.52,16.6,16.6,900,230
2019-01-14,16.450001,16.49,16.42,16.43,16.43,4100,231
2019-01-15,16.540001,16.610001,16.459999,16.549999,16.549999,24500,232
2019-01-16,16.68,16.74,16.639999,16.74,16.74,23300,233
2019-01-17,16.58,16.969999,16.58,16.879999,16.879999,68300,234
2019-01-18,16.940001,17.030001,16.85,16.98,16.98,6000,235
2019-01-22,16.719999,16.719999,16.610001,16.620001,16.620001,23200,236
2019-01-23,16.66,16.66,16.6,16.66,16.66,4200,237
2019-01-24,16.6,16.6,16.530001,16.559999,16.559999,9100,238
2019-01-25,16.959999,17.09,16.959999,17.07,17.07,7500,239
2019-01-28,16.85,16.85,16.780001,16.84,16.84,1800,240
2019-01-29,17.040001,17.049999,16.940001,17.01,17.01,8300,241
2019-01-30,17.309999,17.370001,17.24,17.370001,17.370001,9400,242
2019-01-31,17.469999,17.469999,17.360001,17.370001,17.370001,20900,243
2019-02-01,17.450001,17.450001,17.32,17.32,17.32,5700,244
2019-02-04,17.290001,17.540001,17.26,17.540001,17.540001,7300,245
2019-02-05,17.65,17.65,17.6,17.639999,17.639999,5700,246
2019-02-06,17.780001,17.83,17.68,17.68,17.68,11300,247
2019-02-07,17.77,17.809999,17.690001,17.719999,17.719999,16000,248
2019-02-08,17.690001,17.700001,17.559999,17.58,17.58,14400,249
2019-02-11,17.469999,17.469999,17.41,17.43,17.43,24500,250
2019-02-12,17.309999,17.360001,17.26,17.360001,17.360001,5200,251
2019-02-13,17.360001,17.4,17.33,17.35,17.35,4200,252
2019-02-14,17.299999,17.4,17.299999,17.360001,17.360001,6700,253
2019-02-15,17.42,17.66,17.42,17.59,17.59,4300,254
2019-02-19,17.77,17.99,17.719999,17.969999,17.969999,46500,255
2019-02-20,18.08,18.27,18.040001,18.23,18.23,24800,256
2019-02-21,18.16,18.17,18.07,18.17,18.17,6400,257
2019-02-22,18.34,18.440001,18.32,18.440001,18.440001,16100,258
2019-02-25,18.469999,18.51,18.42,18.42,18.42,32400,259
2019-02-26,18.440001,18.49,18.379999,18.43,18.43,15100,260
2019-02-27,18.6,18.6,18.4,18.549999,18.549999,5600,261
2019-02-28,18.52,18.52,18.41,18.41,18.41,2500,262
2019-03-01,18.57,18.57,18.200001,18.26,18.26,7600,263
2019-03-04,18.280001,18.280001,18.16,18.219999,18.219999,12600,264
2019-03-05,18.370001,18.440001,18.34,18.370001,18.370001,31000,265
2019-03-06,18.32,18.360001,18.24,18.290001,18.290001,11400,266
2019-03-07,18.200001,18.25,18.17,18.24,18.24,16800,267
2019-03-08,18.049999,18.15,18.030001,18.139999,18.139999,27100,268
2019-03-11,18.129999,18.190001,18.1,18.190001,18.190001,23000,269
2019-03-12,18.48,18.48,18.309999,18.34,18.34,40700,270
2019-03-13,18.33,18.379999,18.299999,18.34,18.34,23800,271
2019-03-14,18.18,18.18,18.040001,18.09,18.09,29200,272
2019-03-15,18.17,18.25,18.17,18.209999,18.209999,30700,273
2019-03-18,18.27,18.33,18.219999,18.23,18.23,21100,274
2019-03-19,18.280001,18.370001,18.27,18.27,18.27,23600,275
2019-03-20,18.280001,18.35,18.25,18.35,18.35,21400,276
2019-03-21,18.280001,18.34,18.139999,18.209999,18.209999,24100,277
2019-03-22,18.040001,18.040001,17.76,17.84,17.84,16300,278
2019-03-25,17.780001,17.860001,17.75,17.860001,17.860001,2900,279
2019-03-26,17.91,17.93,17.82,17.879999,17.879999,32200,280
2019-03-27,17.92,17.940001,17.84,17.9,17.9,28300,281
2019-03-28,17.959999,18,17.959999,18,18,18400,282
2019-03-29,18.4,18.4,18.290001,18.32,18.32,24600,283
2019-04-01,18.4,18.440001,18.290001,18.299999,18.299999,2800,284
2019-04-02,18.27,18.27,18.17,18.190001,18.190001,2900,285
2019-04-03,18.27,18.450001,18.27,18.41,18.41,12200,286
2019-04-04,18.23,18.26,18.190001,18.25,18.25,12900,287
2019-04-05,18.190001,18.190001,18.09,18.1,18.1,11200,288
2019-04-08,18.309999,18.4,18.309999,18.35,18.35,4100,289
2019-04-09,18.5,18.5,18.370001,18.389999,18.389999,5300,290
2019-04-10,18.34,18.360001,18.309999,18.34,18.34,1400,291
2019-04-11,18.209999,18.209999,18.120001,18.129999,18.129999,1600,292
2019-04-12,18.42,18.459999,18.370001,18.41,18.41,17900,293
2019-04-15,18.370001,18.42,18.33,18.4,18.4,6300,294
2019-04-16,18.4,18.4,18.35,18.379999,18.379999,20300,295
2019-04-17,18.719999,18.76,18.549999,18.57,18.57,36200,296
2019-04-18,18.41,18.41,18.280001,18.299999,18.299999,4600,297
2019-04-22,18.139999,18.23,18.139999,18.190001,18.190001,9400,298
2019-04-23,18.09,18.17,18.049999,18.16,18.16,8900,299
2019-04-24,18.190001,18.27,18.190001,18.27,18.27,19300,300
2019-04-25,18.08,18.08,17.92,17.92,17.92,23600,301
2019-04-26,18.01,18.16,18.01,18.110001,18.110001,21000,302
2019-04-29,18.040001,18.190001,18.01,18.139999,18.139999,26600,303
2019-04-30,18.280001,18.280001,18.16,18.18,18.18,26400,304
2019-05-01,17.84,17.84,17.440001,17.48,17.48,33300,305
2019-05-02,17.370001,17.43,17.35,17.41,17.41,35000,306
2019-05-03,17.6,17.68,17.6,17.639999,17.639999,23300,307
2019-05-06,17.559999,17.84,17.559999,17.790001,17.790001,23500,308
2019-05-07,17.51,17.51,17.389999,17.43,17.43,20800,309
2019-05-08,17.309999,17.389999,17.299999,17.34,17.34,23400,310
2019-05-09,17.16,17.309999,17.16,17.309999,17.309999,20100,311
2019-05-10,17.219999,17.360001,17.219999,17.360001,17.360001,21500,312
2019-05-13,17.040001,17.040001,16.92,16.99,16.99,23200,313
2019-05-14,17,17.02,17,17.01,17.01,24400,314
2019-05-15,17.07,17.190001,17.07,17.16,17.16,26200,315
2019-05-16,17.27,17.27,17.17,17.17,17.17,9700,316
2019-05-17,17.120001,17.16,17.08,17.08,17.08,1100,317
2019-05-20,17.059999,17.120001,17.059999,17.059999,17.059999,1300,318
2019-05-21,17,17,16.98,17,17,1000,319
2019-05-22,16.799999,16.799999,16.719999,16.73,16.73,4400,320
2019-05-23,16.700001,16.809999,16.68,16.790001,16.790001,6900,321
2019-05-24,16.91,16.93,16.860001,16.91,16.91,2700,322
2019-05-28,16.870001,16.940001,16.84,16.84,16.84,9400,323
2019-05-29,16.709999,16.709999,16.639999,16.67,16.67,15500,324
2019-05-30,16.559999,16.610001,16.559999,16.559999,16.559999,3100,325
2019-05-31,16.48,16.57,16.459999,16.469999,16.469999,3200,326
2019-06-03,16.57,16.620001,16.540001,16.620001,16.620001,6000,327
2019-06-04,16.540001,16.68,16.540001,16.67,16.67,3500,328
2019-06-05,16.42,16.42,16.41,16.41,16.41,500,329
2019-06-06,16.5,16.58,16.450001,16.530001,16.530001,5700,330
2019-06-07,16.27,16.6,16.25,16.370001,16.370001,13300,331
2019-06-10,16.549999,16.690001,16.549999,16.65,16.65,4800,332
2019-06-11,16.92,16.92,16.700001,16.719999,16.719999,8500,333
2019-06-12,16.610001,16.629999,16.540001,16.540001,16.540001,25500,334
2019-06-13,16.6,16.66,16.6,16.610001,16.610001,13500,335
2019-06-14,16.48,16.51,16.43,16.43,16.43,4000,336
2019-06-17,16.5,16.59,16.49,16.57,16.57,17400,337
2019-06-18,16.780001,16.969999,16.77,16.93,16.93,26400,338
2019-06-19,16.780001,16.84,16.719999,16.82,16.82,4600,339
2019-06-20,17.059999,17.07,16.98,16.99,16.99,1800,340
2019-06-21,16.9,16.969999,16.83,16.83,16.83,10900,341
2019-06-24,16.870001,16.950001,16.870001,16.950001,16.950001,8000,342
2019-06-25,17.08,17.190001,17.02,17.09,17.09,28700,343
2019-06-26,17.040001,17.049999,16.950001,16.969999,16.969999,12200,344
2019-06-27,16.93,17.040001,16.92,17.01,17.01,2300,345
2019-06-28,17.01,17.030001,16.959999,16.959999,16.959999,9300,346
2019-07-01,16.940001,16.950001,16.74,16.77,16.77,11900,347
2019-07-02,16.68,16.709999,16.639999,16.66,16.66,13600,348
2019-07-03,16.690001,16.77,16.690001,16.75,16.75,9300,349
2019-07-05,16.65,16.68,16.629999,16.65,16.65,3100,350
2019-07-08,16.719999,16.75,16.639999,16.639999,16.639999,9300,351
2019-07-09,16.5,16.5,16.360001,16.440001,16.440001,22500,352
2019-07-10,16.709999,16.889999,16.709999,16.82,16.82,10300,353
2019-07-11,16.82,16.84,16.75,16.799999,16.799999,5600,354
2019-07-12,16.75,16.91,16.75,16.860001,16.860001,5500,355
2019-07-15,17.01,17.02,16.879999,16.959999,16.959999,12600,356
2019-07-16,16.99,17.09,16.860001,16.889999,16.889999,13100,357
2019-07-17,16.85,17.01,16.809999,16.959999,16.959999,9700,358
2019-07-18,17,17.02,16.950001,17.02,17.02,6100,359
2019-07-19,17.4,17.48,17.17,17.17,17.17,35800,360
2019-07-22,17.1,17.16,17.02,17.030001,17.030001,7500,361
2019-07-23,16.99,16.99,16.879999,16.91,16.91,11400,362
2019-07-24,16.93,17,16.93,16.99,16.99,7900,363
2019-07-25,17.030001,17.030001,16.93,16.959999,16.959999,10300,364
2019-07-26,16.92,16.92,16.83,16.85,16.85,4200,365
2019-07-29,16.99,17.030001,16.92,17.030001,17.030001,10500,366
2019-07-30,16.84,16.860001,16.77,16.780001,16.780001,6500,367
2019-07-31,16.709999,16.719999,16.690001,16.700001,16.700001,2300,368
2019-08-01,16.66,16.74,16.459999,16.459999,16.459999,12600,369
2019-08-02,16.33,16.33,16.08,16.120001,16.120001,14400,370
2019-08-05,15.92,16.030001,15.92,16.01,16.01,8800,371
2019-08-06,16.059999,16.110001,16.01,16.08,16.08,4000,372
2019-08-07,15.98,16.26,15.97,16.219999,16.219999,15200,373
2019-08-08,16.33,16.35,16.27,16.290001,16.290001,14600,374
2019-08-09,16.35,16.35,16.219999,16.26,16.26,5500,375
2019-08-12,16.209999,16.209999,16.18,16.18,16.18,700,376
2019-08-13,16.129999,16.530001,16.129999,16.49,16.49,5900,377
2019-08-14,16.32,16.32,16.24,16.280001,16.280001,15700,378
2019-08-15,16.25,16.309999,16.17,16.27,16.27,3300,379
2019-08-16,16.200001,16.280001,16.200001,16.23,16.23,24200,380
2019-08-19,16.33,16.389999,16.27,16.290001,16.290001,7900,381
2019-08-20,16.24,16.24,16.129999,16.139999,16.139999,13400,382
2019-08-21,16.18,16.209999,16.17,16.17,16.17,2500,383
2019-08-22,16.129999,16.16,16.01,16.059999,16.059999,9000,384
2019-08-23,15.98,16.08,15.83,15.88,15.88,12200,385
2019-08-26,15.93,15.93,15.84,15.91,15.91,1500,386
2019-08-27,16.02,16.049999,15.99,16,16,9700,387
2019-08-28,15.97,16.07,15.96,16.07,16.07,11500,388
2019-08-29,16.120001,16.15,16.110001,16.110001,16.110001,700,389
2019-08-30,16.110001,16.110001,15.95,16,16,4000,390
2019-09-03,15.7,15.86,15.64,15.85,15.85,7600,391
2019-09-04,16.110001,16.25,16.110001,16.23,16.23,6600,392
2019-09-05,16.450001,16.559999,16.41,16.5,16.5,25700,393
2019-09-06,16.48,16.540001,16.43,16.43,16.43,3900,394
2019-09-09,16.450001,16.459999,16.42,16.459999,16.459999,1200,395
2019-09-10,16.33,16.49,16.33,16.41,16.41,8600,396
2019-09-11,16.41,16.41,16.33,16.370001,16.370001,8000,397
2019-09-12,16.32,16.58,16.280001,16.530001,16.530001,3700,398
2019-09-13,16.83,16.92,16.83,16.92,16.92,8200,399
2019-09-16,16.639999,16.65,16.540001,16.559999,16.559999,9700,400
2019-09-17,16.440001,16.469999,16.360001,16.450001,16.450001,2400,401
2019-09-18,16.370001,16.41,16.32,16.360001,16.360001,11600,402
2019-09-19,16.370001,16.379999,16.32,16.34,16.34,1700,403
2019-09-20,16.34,16.34,16.24,16.25,16.25,7700,404
2019-09-23,16.25,16.379999,16.25,16.379999,16.379999,9800,405
2019-09-24,16.32,16.32,16.299999,16.309999,16.309999,3700,406
2019-09-25,16.379999,16.379999,16.360001,16.360001,16.360001,300,407
2019-09-26,16.33,16.33,16.139999,16.16,16.16,3300,408
2019-09-27,16.24,16.360001,16.23,16.290001,16.290001,4200,409
2019-09-30,16.26,16.26,16.129999,16.129999,16.129999,1500,410
2019-10-01,15.9,16.09,15.8,16.09,16.09,8400,411
2019-10-02,16.1,16.120001,16.1,16.1,16.1,1200,412
2019-10-03,15.96,16.01,15.96,16.01,16.01,3000,413
2019-10-04,15.89,16.07,15.89,16.07,16.07,3600,414
2019-10-07,16.790001,16.790001,16.129999,16.129999,16.129999,1600,415
2019-10-08,16.129999,16.129999,16.09,16.09,16.09,1600,416
2019-10-09,16.07,16.08,16.07,16.08,16.08,1000,417
2019-10-10,16.360001,16.42,16.32,16.34,16.34,2300,418
2019-10-11,16.42,16.5,16.42,16.469999,16.469999,9500,419
2019-10-14,16.4,16.51,16.4,16.51,16.51,4300,420
2019-10-15,16.379999,16.41,16.33,16.370001,16.370001,2600,421
2019-10-16,16.18,16.26,16.15,16.209999,16.209999,3200,422
2019-10-17,16.360001,16.360001,16.309999,16.309999,16.309999,400,423
2019-10-18,16.49,16.559999,16.49,16.530001,16.530001,11000,424
2019-10-21,16.58,16.620001,16.540001,16.58,16.58,1800,425
2019-10-22,16.6,16.6,16.530001,16.530001,16.530001,1900,426
2019-10-23,16.58,16.73,16.58,16.719999,16.719999,1600,427
2019-10-24,16.799999,16.799999,16.690001,16.719999,16.719999,5800,428
2019-10-25,16.73,16.84,16.73,16.83,16.83,7100,429
2019-10-28,16.870001,16.870001,16.790001,16.85,16.85,7600,430
2019-10-29,16.809999,16.879999,16.809999,16.870001,16.870001,9900,431
2019-10-30,16.709999,16.84,16.709999,16.82,16.82,800,432
2019-10-31,16.690001,16.690001,16.5,16.540001,16.540001,8000,433
2019-11-01,16.59,16.68,16.549999,16.67,16.67,22000,434
2019-11-04,16.73,16.73,16.67,16.700001,16.700001,3600,435
2019-11-05,17.040001,17.040001,16.91,16.940001,16.940001,7700,436
2019-11-06,16.82,16.889999,16.700001,16.74,16.74,2900,437
2019-11-07,16.950001,17.1,16.950001,17.01,17.01,82600,438
2019-11-08,16.879999,16.93,16.83,16.889999,16.889999,6300,439
2019-11-11,16.74,16.77,16.700001,16.700001,16.700001,4300,440
2019-11-12,16.690001,16.690001,16.620001,16.65,16.65,3600,441
2019-11-13,16.540001,16.59,16.540001,16.58,16.58,2900,442
2019-11-14,16.540001,16.540001,16.48,16.5,16.5,3400,443
2019-11-15,16.6,16.620001,16.59,16.610001,16.610001,4700,444
2019-11-18,16.540001,16.540001,16.469999,16.48,16.48,4200,445
2019-11-19,16.690001,16.709999,16.68,16.700001,16.700001,6500,446
2019-11-20,16.690001,16.700001,16.629999,16.629999,16.629999,5600,447
2019-11-21,16.51,16.559999,16.5,16.52,16.52,9800,448
2019-11-22,16.540001,16.65,16.540001,16.610001,16.610001,5300,449
2019-11-25,16.639999,16.67,16.639999,16.67,16.67,1200,450
2019-11-26,16.719999,16.879999,16.719999,16.879999,16.879999,200,451
2019-11-27,16.83,16.91,16.83,16.91,16.91,4100,452
2019-11-29,16.639999,16.65,16.639999,16.65,16.65,1500,453
2019-12-02,16.639999,16.639999,16.610001,16.620001,16.620001,3600,454
2019-12-03,16.5,16.5,16.450001,16.450001,16.450001,1400,455
2019-12-04,16.639999,16.700001,16.610001,16.629999,16.629999,1900,456
2019-12-05,16.690001,16.690001,16.68,16.68,16.68,100,457
2019-12-06,16.82,17.23,16.82,17.23,17.23,4900,458
2019-12-09,17.16,17.290001,17.16,17.26,17.26,7200,459
2019-12-10,17.360001,17.360001,17.32,17.34,17.34,6000,460
2019-12-11,17.5,17.530001,17.469999,17.5,17.5,6500,461
2019-12-12,17.42,17.629999,17.42,17.629999,17.629999,6500,462
2019-12-13,17.52,17.719999,17.370001,17.450001,17.450001,24300,463
2019-12-16,17.67,17.67,17.6,17.6,17.6,2300,464
2019-12-17,17.67,17.67,17.549999,17.58,17.58,82900,465
2019-12-18,17.51,17.629999,17.51,17.6,17.6,11700,466
2019-12-19,17.639999,17.700001,17.6,17.68,17.68,24700,467
2019-12-20,17.6,17.690001,17.52,17.549999,17.549999,8900,468
2019-12-23,17.620001,17.620001,17.58,17.58,17.58,3500,469
2019-12-24,17.610001,17.700001,17.610001,17.700001,17.700001,3200,470
2019-12-26,17.870001,17.9,17.82,17.85,17.85,2500,471
2019-12-27,17.700001,17.75,17.66,17.700001,17.700001,9400,472
2019-12-30,17.74,17.76,17.66,17.68,17.68,2900,473
2019-12-31,17.6,17.66,17.540001,17.540001,17.540001,3500,474
2020-01-02,17.530001,17.700001,17.5,17.700001,17.700001,11300,475
2020-01-03,17.48,17.48,17.41,17.450001,17.450001,8600,476
2020-01-06,17.41,17.469999,17.41,17.469999,17.469999,4100,477
2020-01-07,17.469999,17.530001,17.440001,17.52,17.52,2400,478
2020-01-08,17.57,17.6,17.51,17.59,17.59,5900,479
2020-01-09,17.57,17.639999,17.540001,17.540001,17.540001,9100,480
2020-01-10,17.690001,17.700001,17.59,17.620001,17.620001,3200,481
2020-01-13,17.709999,17.950001,17.709999,17.92,17.92,8100,482
2020-01-14,17.940001,18.02,17.92,17.98,17.98,16500,483
2020-01-15,17.9,17.98,17.9,17.950001,17.950001,2400,484
2020-01-16,17.959999,17.99,17.84,17.860001,17.860001,2200,485
2020-01-17,18.049999,18.049999,17.83,17.870001,17.870001,7200,486
2020-01-21,17.690001,17.690001,17.5,17.5,17.5,22300,487
2020-01-22,17.450001,17.450001,17.34,17.4,17.4,6800,488
2020-01-23,17.27,17.27,17.02,17.139999,17.139999,13000,489
2020-01-24,16.98,16.98,16.809999,16.84,16.84,10500,490
2020-01-27,16.389999,16.440001,16.280001,16.299999,16.299999,17800,491
2020-01-28,16.25,16.25,16.18,16.200001,16.200001,22400,492
2020-01-29,16.209999,16.209999,16.049999,16.110001,16.110001,21500,493
2020-01-30,15.97,16,15.82,16,16,29300,494
2020-01-31,15.93,15.98,15.76,15.78,15.78,16300,495
2020-02-03,15.83,15.91,15.71,15.75,15.75,51000,496
2020-02-04,16.02,16.049999,15.91,15.99,15.99,62600,497
2020-02-05,16.200001,16.27,16.110001,16.25,16.25,33300,498
2020-02-06,16.35,16.35,16.25,16.299999,16.299999,23700,499
2020-02-07,16.040001,16.08,15.98,16.02,16.02,27600,500
2020-02-10,15.98,16.059999,15.94,16.049999,16.049999,4400,501
2020-02-11,16.209999,16.360001,16.200001,16.23,16.23,33400,502
2020-02-12,16.379999,16.43,16.34,16.379999,16.379999,94000,503
2020-02-13,16.440001,16.5,16.42,16.43,16.43,22800,504
2020-02-14,16.4,16.4,16.299999,16.33,16.33,15100,505
2020-02-18,16.35,16.389999,16.33,16.389999,16.389999,5800,506
2020-02-19,16.379999,16.4,16.219999,16.4,16.4,32600,507
2020-02-20,16.280001,16.280001,16.17,16.25,16.25,39800,508
2020-02-21,16.23,16.370001,16.23,16.309999,16.309999,31200,509
2020-02-24,16.040001,16.16,16.030001,16.120001,16.120001,12700,510
2020-02-25,16.16,16.16,16.02,16.040001,16.040001,7800,511
2020-02-26,16.049999,16.110001,16.040001,16.07,16.07,3700,512
2020-02-27,15.85,16.1,15.8,16.01,16.01,26600,513
2020-02-28,15.74,15.97,15.66,15.88,15.88,11300,514
2020-03-02,16.040001,16.360001,16.02,16.35,16.35,27600,515
2020-03-03,16.110001,16.219999,15.95,16.190001,16.190001,9200,516
2020-03-04,16.190001,16.190001,16.110001,16.190001,16.190001,6800,517
2020-03-05,16.1,16.129999,16.01,16.049999,16.049999,17800,518
2020-03-06,15.98,16.01,15.85,16.01,16.01,11700,519
2020-03-09,15.52,15.66,15.5,15.58,15.58,11400,520
2020-03-10,15.87,15.9,15.71,15.9,15.9,29200,521
2020-03-11,15.59,15.69,15.51,15.55,15.55,2200,522
2020-03-12,15.19,15.49,14.51,15.31,15.31,24700,523
2020-03-13,15.75,15.75,15.4,15.57,15.57,5500,524
2020-03-16,14.6,15,14.6,14.92,14.92,29400,525
2020-03-17,14.74,14.74,14.48,14.5,14.5,9200,526
2020-03-18,13.39,13.77,13.24,13.5,13.5,10800,527
2020-03-19,13.49,13.71,13.35,13.54,13.54,25000,528
2020-03-20,13.9,13.9,13.18,13.32,13.32,36200,529
2020-03-23,13.13,13.25,12.87,13.03,13.03,9800,530
2020-03-24,13.87,13.97,13.61,13.74,13.74,15700,531
2020-03-25,13.64,13.9,13.57,13.79,13.79,14500,532
2020-03-26,13.68,13.73,13.6,13.68,13.68,8900,533
2020-03-27,13.59,13.65,13.53,13.59,13.59,6600,534
2020-03-30,13.57,13.57,13.45,13.57,13.57,13200,535
2020-03-31,13.74,14,13.74,13.86,13.86,8200,536
2020-04-01,13.5,13.57,13.48,13.57,13.57,4000,537
2020-04-02,13.48,13.86,13.48,13.86,13.86,11900,538
2020-04-03,13.72,13.72,13.64,13.69,13.69,2900,539
2020-04-06,13.77,14,13.77,13.83,13.83,4300,540
2020-04-07,14.32,14.33,14.06,14.14,14.14,15100,541
2020-04-08,14.14,14.27,14.14,14.25,14.25,14600,542
2020-04-09,14.3,14.67,14.2,14.62,14.62,21700,543
2020-04-13,14.87,14.87,14.42,14.61,14.61,21500,544
2020-04-14,14.86,14.87,14.61,14.87,14.87,9200,545
2020-04-15,14.68,14.69,14.51,14.58,14.58,13800,546
2020-04-16,14.55,14.63,14.49,14.54,14.54,6800,547
2020-04-17,14.92,14.92,14.65,14.75,14.75,13500,548
2020-04-20,14.71,14.71,14.39,14.47,14.47,12400,549
2020-04-21,13.75,14.25,13.53,14.2,14.2,21700,550
2020-04-22,14.38,14.48,14.37,14.47,14.47,4100,551
2020-04-23,14.65,14.65,14.4,14.46,14.46,2300,552
2020-04-24,14.95,15.25,14.51,14.77,14.77,39700,553
2020-04-27,14.78,14.92,14.78,14.91,14.91,8300,554
2020-04-28,15.19,15.19,14.74,14.79,14.79,24800,555
2020-04-29,15.34,15.34,14.97,15,15,30100,556
2020-04-30,15,15,14.81,14.95,14.95,6100,557
2020-05-01,14.94,14.94,14.5,14.55,14.55,29300,558
2020-05-04,14.84,14.84,14.5,14.8,14.8,57300,559
2020-05-05,14.7,14.81,14.7,14.76,14.76,3600,560
2020-05-06,15,15,14.87,14.93,14.93,14000,561
2020-05-07,14.9,15.09,14.88,14.92,14.92,6100,562
2020-05-08,15.33,15.34,15.05,15.3,15.3,42600,563
2020-05-11,15.2,15.2,14.84,14.89,14.89,19800,564
2020-05-12,14.88,14.89,14.84,14.89,14.89,4700,565
2020-05-13,15.05,15.05,14.73,14.79,14.79,16300,566
2020-05-14,14.63,14.74,14.59,14.74,14.74,4800,567
2020-05-15,14.84,14.9,14.59,14.85,14.85,12400,568
2020-05-18,15.11,15.26,14.96,15.26,15.26,13200,569
2020-05-19,15.31,15.31,15,15.21,15.21,8400,570
2020-05-20,15.43,15.5,15.27,15.46,15.46,28600,571
2020-05-21,15.55,15.55,15.26,15.31,15.31,14700,572
2020-05-22,15.1,15.15,14.87,15.15,15.15,8100,573
2020-05-26,15.22,15.35,15.22,15.33,15.33,15500,574
2020-05-27,15.21,15.21,14.89,15.08,15.08,5400,575
2020-05-28,15.79,15.79,14.93,15.08,15.08,7500,576
2020-05-29,15.31,15.57,15.16,15.51,15.51,21800,577
2020-06-01,15.38,15.6,15.29,15.59,15.59,7400,578
2020-06-02,15.74,15.76,15.54,15.69,15.69,13000,579
2020-06-03,15.65,15.69,15.57,15.57,15.57,8200,580
2020-06-04,15.58,15.72,15.57,15.57,15.57,5600,581
2020-06-05,15.95,16.049999,15.95,16.040001,16.040001,28200,582
2020-06-08,16,16.6,16,16.450001,16.450001,52000,583
2020-06-09,16.219999,16.41,16.01,16.379999,16.379999,16500,584
2020-06-10,16.59,16.889999,16.540001,16.870001,16.870001,30500,585
2020-06-11,16.530001,16.620001,16.049999,16.08,16.08,62900,586
2020-06-12,16.32,16.530001,16.16,16.379999,16.379999,10700,587
2020-06-15,16.24,16.290001,16.01,16.290001,16.290001,16000,588
2020-06-16,16.4,16.41,16.030001,16.15,16.15,12000,589
2020-06-17,16.219999,16.299999,16.18,16.25,16.25,4500,590
2020-06-18,16.41,16.450001,16.290001,16.42,16.42,24700,591
2020-06-19,16.65,16.65,16.440001,16.549999,16.549999,33900,592
2020-06-22,16.51,16.700001,16.51,16.65,16.65,100800,593
2020-06-23,16.639999,16.76,16.620001,16.67,16.67,5300,594
2020-06-24,16.76,16.790001,16.5,16.690001,16.690001,30700,595
2020-06-25,16.639999,16.799999,16.549999,16.76,16.76,44100,596
2020-06-26,16.809999,16.870001,16.65,16.809999,16.809999,50600,597
2020-06-29,16.93,16.93,16.75,16.82,16.82,10100,598
2020-06-30,17,17.07,16.9,17.07,17.07,17000,599
2020-07-01,17.15,17.15,16.99,17.110001,17.110001,19000,600
2020-07-02,17.23,17.23,17.049999,17.110001,17.110001,15500,601
2020-07-06,17.290001,17.379999,17.200001,17.35,17.35,28700,602
2020-07-07,17.290001,17.459999,17.219999,17.389999,17.389999,18100,603
2020-07-08,17.610001,17.620001,17.469999,17.58,17.58,25800,604
2020-07-09,17.92,17.92,17.639999,17.77,17.77,38000,605
2020-07-10,17.860001,18.190001,17.84,18.17,18.17,88100,606
2020-07-13,18.450001,18.65,18.02,18.15,18.15,99700,607
2020-07-14,18.15,18.379999,18.110001,18.35,18.35,36400,608
2020-07-15,18.26,18.26,17.92,18.120001,18.120001,45400,609
2020-07-16,18,18.139999,17.98,18.110001,18.110001,30300,610
2020-07-17,18.110001,18.110001,18.049999,18.059999,18.059999,18500,611
2020-07-20,18.129999,18.290001,18.08,18.23,18.23,13900,612
2020-07-21,18.42,18.530001,18.32,18.440001,18.440001,34800,613
2020-07-22,18.17,18.27,18.040001,18.209999,18.209999,91900,614
2020-07-23,18.33,18.42,18.200001,18.23,18.23,67700,615
2020-07-24,18.120001,18.18,18,18.049999,18.049999,52400,616
2020-07-27,18.040001,18.16,18.01,18.16,18.16,35900,617
2020-07-28,18.1,18.27,18.1,18.18,18.18,95700,618
2020-07-29,18.200001,18.35,18.08,18.290001,18.290001,108200,619
2020-07-30,18.200001,18.209999,17.969999,18.17,18.17,77200,620
2020-07-31,18.129999,18.129999,17.83,17.950001,17.950001,194900,621
2020-08-03,18.190001,18.309999,18.059999,18.290001,18.290001,46100,622
2020-08-04,18.049999,18.17,18,18.16,18.16,60200,623
2020-08-05,18.25,18.379999,18.16,18.200001,18.200001,103300,624
2020-08-06,18.139999,18.23,18.1,18.200001,18.200001,48600,625
2020-08-07,17.91,17.91,17.41,17.469999,17.469999,1088700,626
2020-08-10,17.889999,17.98,17.82,17.879999,17.879999,211400,627
2020-08-11,17.93,17.93,17.700001,17.709999,17.709999,472500,628
2020-08-12,17.93,18.07,17.77,17.93,17.93,94900,629
2020-08-13,17.74,17.75,17.34,17.5,17.5,152900,630
2020-08-14,17.77,17.84,17.73,17.790001,17.790001,111400,631
2020-08-17,18.1,18.200001,18.01,18.110001,18.110001,76400,632
2020-08-18,18.360001,18.6,18.26,18.540001,18.540001,263500,633
2020-08-19,18.75,18.870001,18.57,18.59,18.59,114100,634
2020-08-20,18.440001,18.68,18.4,18.68,18.68,56400,635
2020-08-21,18.200001,18.32,18.1,18.32,18.32,117700,636
2020-08-24,18.280001,18.35,18.209999,18.26,18.26,31900,637
2020-08-25,18.26,18.379999,18.23,18.379999,18.379999,14700,638
2020-08-26,18.43,18.530001,18.42,18.52,18.52,47800,639
2020-08-27,18.690001,18.690001,18.26,18.620001,18.620001,30100,640
2020-08-28,18.75,18.809999,18.629999,18.809999,18.809999,42900,641
2020-08-31,18.9,19,18.82,18.959999,18.959999,48300,642
2020-09-01,19.040001,19.110001,18.690001,18.73,18.73,73100,643
2020-09-02,18.690001,18.77,18.5,18.74,18.74,39600,644
2020-09-03,18.629999,18.639999,18.299999,18.41,18.41,74600,645
2020-09-04,18.799999,19.07,18.6,19.07,19.07,54200,646
2020-09-08,18.690001,18.799999,18.540001,18.700001,18.700001,130100,647
2020-09-09,18.84,18.959999,18.76,18.860001,18.860001,33400,648
2020-09-10,18.889999,18.940001,18.27,18.41,18.41,61900,649
2020-09-11,18.780001,18.92,18.700001,18.85,18.85,66200,650
2020-09-14,19.01,19.07,18.860001,18.969999,18.969999,27200,651
2020-09-15,19.040001,19.040001,18.809999,18.92,18.92,204300,652
2020-09-16,18.92,19.030001,18.9,18.9,18.9,34300,653
2020-09-17,18.77,19.030001,18.77,19.01,19.01,76100,654
2020-09-18,19.040001,19.32,18.93,19.209999,19.209999,66600,655
2020-09-21,19.07,19.15,18.67,18.719999,18.719999,60500,656
2020-09-22,19.09,19.09,18.950001,18.969999,18.969999,28700,657
2020-09-23,18.700001,18.700001,18.17,18.209999,18.209999,88000,658
2020-09-24,18.09,18.43,18.01,18.34,18.34,28200,659
2020-09-25,18.299999,18.450001,18.27,18.42,18.42,15700,660
2020-09-28,18.48,18.549999,18.4,18.51,18.51,45400,661
2020-09-29,18.42,18.57,18.33,18.5,18.5,14300,662
2020-09-30,18.719999,18.780001,18.629999,18.700001,18.700001,21100,663
2020-10-01,18.35,18.35,17.700001,17.860001,17.860001,56200,664
2020-10-02,18.030001,18.5,18.030001,18.299999,18.299999,132300,665
2020-10-05,18.08,18.309999,18.030001,18.24,18.24,22400,666
2020-10-06,18.33,18.360001,18.1,18.15,18.15,17600,667
2020-10-07,18.690001,18.809999,18.629999,18.68,18.68,29500,668
2020-10-08,18.74,18.809999,18.719999,18.77,18.77,13500,669
2020-10-09,18.98,19.17,18.9,19.049999,19.049999,27200,670
2020-10-12,19.09,19.09,18.91,18.940001,18.940001,42900,671
2020-10-13,18.799999,18.85,18.75,18.83,18.83,11600,672
2020-10-14,18.790001,18.9,18.76,18.83,18.83,13800,673
2020-10-15,18.700001,19.190001,18.700001,19.16,19.16,22900,674
2020-10-16,19,19.01,18.889999,18.99,18.99,14900,675
2020-10-19,19.07,19.219999,18.959999,19.059999,19.059999,11200,676
2020-10-20,19.24,19.610001,19.219999,19.48,19.48,89900,677
2020-10-21,19.620001,19.92,19.620001,19.76,19.76,67000,678
2020-10-22,19.57,19.629999,19.440001,19.530001,19.530001,53200,679
2020-10-23,19.48,19.48,19.370001,19.450001,19.450001,22500,680
2020-10-26,19.17,19.200001,19.040001,19.120001,19.120001,34200,681
2020-10-27,19.209999,19.219999,19.129999,19.16,19.16,29200,682
2020-10-28,18.969999,19.059999,18.82,18.969999,18.969999,43100,683
2020-10-29,18.969999,19.049999,18.889999,19.02,19.02,15500,684
2020-10-30,18.98,18.98,18.799999,18.92,18.92,17300,685
2020-11-02,18.950001,19.08,18.93,19.049999,19.049999,33800,686
2020-11-03,19.27,19.290001,19.1,19.15,19.15,17600,687
2020-11-04,19.139999,19.299999,19.02,19.24,19.24,29600,688
2020-11-05,19.25,19.4,19.23,19.32,19.32,21700,689
2020-11-06,19.559999,19.59,19.450001,19.559999,19.559999,41800,690
2020-11-09,19.879999,19.879999,19.360001,19.469999,19.469999,37100,691
2020-11-10,19.27,19.610001,19.26,19.5,19.5,40700,692
2020-11-11,19.360001,19.440001,19.25,19.4,19.4,128500,693
2020-11-12,19.42,19.6,19.379999,19.4,19.4,47200,694
2020-11-13,19.700001,19.74,19.610001,19.68,19.68,70400,695
2020-11-16,20.01,20.139999,19.870001,20.040001,20.040001,60800,696
2020-11-17,19.940001,19.98,19.700001,19.940001,19.940001,64600,697
2020-11-18,20,20,19.799999,19.85,19.85,61800,698
2020-11-19,19.83,19.959999,19.790001,19.950001,19.950001,25000,699
2020-11-20,20.299999,20.5,20.299999,20.4,20.4,63100,700
2020-11-23,20.32,20.4,20.18,20.32,20.32,88400,701
2020-11-24,21,21,20.389999,20.6,20.6,89200,702
2020-11-25,20.57,20.68,20.48,20.59,20.59,163100,703
2020-11-27,21.09,21.17,21.040001,21.110001,21.110001,50100,704
2020-11-30,21.450001,21.58,21.200001,21.33,21.33,116200,705
2020-12-01,21.709999,21.77,21.51,21.719999,21.719999,85500,706
2020-12-02,21.4,21.700001,21.25,21.690001,21.690001,134300,707
2020-12-03,21.799999,21.799999,21.51,21.58,21.58,164200,708
2020-12-04,21.73,21.85,21.73,21.799999,21.799999,110500,709
2020-12-07,21.709999,21.889999,21.690001,21.75,21.75,301700,710
2020-12-08,21.790001,21.82,21.58,21.639999,21.639999,66100,711
2020-12-09,21.639999,21.790001,21.58,21.67,21.67,164700,712
2020-12-10,21.719999,22.18,21.719999,22.16,22.16,86500,713
2020-12-11,21.809999,21.93,21.65,21.9,21.9,135400,714
2020-12-14,21.85,21.9,21.68,21.809999,21.809999,71800,715
2020-12-15,21.82,21.959999,21.700001,21.940001,21.940001,47100,716
2020-12-16,22.07,22.09,21.940001,22.059999,22.059999,35800,717
2020-12-17,22.440001,22.440001,22.17,22.33,22.33,101400,718
2020-12-18,22.4,22.549999,22.309999,22.450001,22.450001,129500,719
2020-12-21,22.42,22.42,21.969999,22.200001,22.200001,213900,720
2020-12-22,21.809999,21.84,21.65,21.75,21.75,146100,721
2020-12-23,21.99,22,21.870001,21.969999,21.969999,59800,722
2020-12-24,21.91,22.030001,21.860001,22.01,22.01,42000,723
2020-12-28,22.190001,22.26,22.08,22.190001,22.190001,58000,724
2020-12-29,22.110001,22.139999,21.940001,21.98,21.98,73000,725
2020-12-30,21.950001,22.049999,21.91,21.950001,21.950001,128300,726
2020-12-31,21.85,21.85,21.700001,21.73,21.73,130800,727
2021-01-04,22.35,22.35,21.889999,22.040001,22.040001,119600,728
2021-01-05,22.23,22.65,22.16,22.610001,22.610001,123400,729
2021-01-06,22.59,22.690001,22.4,22.67,22.67,149600,730
2021-01-07,22.870001,22.969999,22.83,22.959999,22.959999,128100,731
2021-01-08,22.860001,22.860001,22.450001,22.860001,22.860001,169600,732
2021-01-11,22.059999,22.17,21.889999,21.98,21.98,210100,733
2021-01-12,22.360001,22.5,22.25,22.5,22.5,98700,734
2021-01-13,22.42,22.450001,22.27,22.27,22.27,79400,735
2021-01-14,22.57,22.709999,22.549999,22.68,22.68,97300,736
2021-01-15,22.280001,22.41,22.17,22.24,22.24,133700,737
2021-01-19,22.530001,22.530001,22.25,22.440001,22.440001,292600,738
2021-01-20,22.6,22.629999,22.41,22.549999,22.549999,158100,739
2021-01-21,22.65,22.65,22.440001,22.57,22.57,91600,740
2021-01-22,22.219999,22.459999,22.209999,22.35,22.35,97200,741
2021-01-25,22.35,22.469999,22.25,22.469999,22.469999,88700,742
2021-01-26,22.370001,22.42,22.35,22.4,22.4,55800,743
2021-01-27,22,22.040001,21.75,21.92,21.92,201800,744
2021-01-28,22.07,22.35,22.040001,22.049999,22.049999,283900,745
2021-01-29,22.190001,22.200001,21.83,21.91,21.91,112300,746
2021-02-01,21.98,22,21.790001,21.91,21.91,226200,747
2021-02-02,21.709999,21.85,21.620001,21.73,21.73,299000,748
2021-02-03,21.809999,22.07,21.809999,21.99,21.99,73900,749
2021-02-04,21.950001,21.99,21.82,21.940001,21.940001,57900,750
2021-02-05,22.18,22.469999,22.040001,22.450001,22.450001,83600,751
2021-02-08,22.58,22.700001,22.5,22.700001,22.700001,194600,752
2021-02-09,22.92,22.950001,22.73,22.950001,22.950001,178600,753
2021-02-10,23.33,23.5,23.16,23.27,23.27,97800,754
2021-02-11,23.299999,23.360001,23.120001,23.309999,23.309999,158500,755
2021-02-12,23.15,24.27,23.08,23.379999,23.379999,98000,756
2021-02-16,23.629999,23.75,23.51,23.75,23.75,322900,757
2021-02-17,23.52,23.700001,23.459999,23.620001,23.620001,239000,758
2021-02-18,24.02,24.209999,23.959999,24.200001,24.200001,301100,759
2021-02-19,25,25.290001,24.889999,25.110001,25.110001,415900,760
2021-02-22,25.549999,25.780001,25.41,25.68,25.68,633700,761
2021-02-23,25.5,26.209999,25.26,26.08,26.08,445000,762
2021-02-24,26.139999,26.85,25.75,26.76,26.76,614400,763
2021-02-25,26.85,26.85,25.950001,26.120001,26.120001,474900,764
2021-02-26,25.74,25.860001,25.07,25.1,25.1,359500,765
2021-03-01,25.5,25.6,25.200001,25.370001,25.370001,181300,766
2021-03-02,25.709999,26.040001,25.540001,25.98,25.98,361600,767
2021-03-03,25.51,25.610001,25.42,25.469999,25.469999,277700,768
2021-03-04,25.02,25.09,23.690001,24.379999,24.379999,1561100,769
2021-03-05,25.139999,25.27,24.809999,25.18,25.18,633200,770
2021-03-08,25,25.32,24.860001,25.16,25.16,228300,771
2021-03-09,24.639999,24.809999,24.540001,24.780001,24.780001,296300,772
2021-03-10,24.809999,24.959999,24.700001,24.799999,24.799999,270800,773
2021-03-11,25.24,25.6,25.120001,25.52,25.52,357000,774
2021-03-12,25.290001,25.65,25.17,25.58,25.58,101000,775
2021-03-15,25.51,25.610001,25.4,25.559999,25.559999,152700,776
2021-03-16,25.15,25.17,24.860001,25.01,25.01,212700,777
2021-03-17,25.27,25.65,25.219999,25.5,25.5,472500,778
2021-03-18,25.26,25.41,24.91,25.049999,25.049999,297000,779
2021-03-19,24.99,25.41,24.9,25.219999,25.219999,317400,780
2021-03-22,25.4,25.559999,25.299999,25.5,25.5,111400,781
2021-03-23,25.299999,25.299999,24.709999,24.809999,24.809999,226200,782
2021-03-24,25,25.200001,24.799999,24.83,24.83,339200,783
2021-03-25,24.5,24.67,24.32,24.67,24.67,199200,784
2021-03-26,24.9,25.16,24.879999,25.08,25.08,111700,785
2021-03-29,24.940001,24.940001,24.68,24.91,24.91,127000,786
2021-03-30,24.59,24.709999,24.469999,24.549999,24.549999,324100,787
2021-03-31,24.610001,24.73,24.549999,24.620001,24.620001,196300,788
2021-04-01,24.68,24.76,24.48,24.76,24.76,208800,789
2021-04-05,25.309999,25.65,25.309999,25.58,25.58,451200,790
2021-04-06,25.42,25.450001,25.299999,25.360001,25.360001,181300,791
2021-04-07,25.07,25.1,24.9,25.059999,25.059999,304000,792
2021-04-08,25.15,25.280001,25.030001,25.27,25.27,101100,793
2021-04-09,25.1,25.139999,24.91,25.040001,25.040001,92300,794
2021-04-12,24.82,24.879999,24.690001,24.82,24.82,143100,795
2021-04-13,24.950001,24.969999,24.780001,24.91,24.91,138400,796
2021-04-14,25.190001,25.5,25.139999,25.379999,25.379999,235300,797
2021-04-15,25.940001,26.15,25.879999,26.110001,26.110001,530600,798
2021-04-16,25.99,25.99,25.67,25.780001,25.780001,395100,799
2021-04-19,26.33,26.379999,26.02,26.209999,26.209999,310800,800
2021-04-20,26.25,26.41,25.9,25.91,25.91,240700,801
2021-04-21,26.17,26.51,26.110001,26.51,26.51,245400,802
2021-04-22,26.41,26.469999,26.209999,26.309999,26.309999,159300,803
2021-04-23,26.610001,26.809999,26.559999,26.709999,26.709999,236700,804
2021-04-26,27.23,27.42,27.17,27.4,27.4,365700,805
2021-04-27,27.6,27.690001,27.43,27.65,27.65,455100,806
2021-04-28,27.5,27.799999,27.41,27.799999,27.799999,258800,807
2021-04-29,27.780001,27.889999,27.469999,27.58,27.58,306200,808
2021-04-30,27.719999,27.780001,27.299999,27.43,27.43,280200,809
2021-05-03,27.700001,27.93,27.610001,27.93,27.93,287400,810
2021-05-04,27.889999,27.91,27.66,27.9,27.9,430000,811
2021-05-05,27.780001,27.9,27.66,27.9,27.9,225600,812
2021-05-06,28.200001,28.5,28.15,28.5,28.5,544100,813
2021-05-07,29.02,29.27,28.9,29.17,29.17,1319300,814
2021-05-10,29.559999,29.6,28.790001,29.02,29.02,1299600,815
2021-05-11,29.129999,29.6,29.120001,29.6,29.6,981500,816
2021-05-12,29.18,29.440001,28.950001,29.110001,29.110001,684700,817
2021-05-13,28.93,29.1,28.700001,28.85,28.85,984200,818
2021-05-14,28.75,28.950001,28.559999,28.67,28.67,460600,819
2021-05-17,28.85,29.09,28.790001,29.040001,29.040001,365700,820
2021-05-18,29.33,29.33,29.02,29.15,29.15,333000,821
2021-05-19,28.379999,28.379999,27.91,28.040001,28.040001,1446400,822
2021-05-20,28.25,28.25,27.950001,28,28,527800,823
2021-05-21,28,28,27.559999,27.75,27.75,486200,824
2021-05-24,27.719999,27.98,27.719999,27.940001,27.940001,296000,825
2021-05-25,27.799999,27.959999,27.620001,27.82,27.82,270500,826
2021-05-26,27.75,27.98,27.700001,27.84,27.84,220800,827
2021-05-27,28.17,28.790001,28.17,28.74,28.74,753300,828
2021-05-28,28.43,28.85,28.309999,28.85,28.85,248700,829
2021-06-01,28.690001,28.950001,28.59,28.700001,28.700001,313100,830
2021-06-02,28.469999,28.530001,28.209999,28.280001,28.280001,331700,831
2021-06-03,27.67,27.67,27.290001,27.459999,27.459999,721800,832
2021-06-04,27.92,27.92,27.809999,27.83,27.83,272300,833
2021-06-07,27.709999,27.91,27.6,27.85,27.85,214100,834
2021-06-08,27.629999,28.08,27.43,27.99,27.99,290300,835
2021-06-09,27.889999,27.92,27.68,27.85,27.85,211900,836
2021-06-10,27.58,27.690001,27.41,27.66,27.66,296000,837
2021-06-11,28.17,28.200001,27.85,28,28,210300,838
2021-06-14,27.84,27.940001,27.790001,27.940001,27.940001,178600,839
2021-06-15,26.879999,26.889999,26.66,26.809999,26.809999,795600,840
2021-06-16,26.719999,27.049999,26.34,26.5,26.5,488600,841
2021-06-17,26.41,26.559999,25.58,25.709999,25.709999,566000,842
2021-06-18,25.67,25.74,25.459999,25.5,25.5,250300,843
2021-06-21,25.5,25.74,25.459999,25.65,25.65,574600,844
2021-06-22,25.790001,26.1,25.790001,25.950001,25.950001,320200,845
2021-06-23,26.190001,26.6,26.190001,26.4,26.4,264100,846
2021-06-24,26.360001,26.549999,26.299999,26.48,26.48,242500,847
2021-06-25,26.4,26.4,26.200001,26.379999,26.379999,214300,848
2021-06-28,26.290001,26.35,26.18,26.219999,26.219999,96500,849
2021-06-29,26.09,26.18,25.98,26.18,26.18,505000,850
2021-06-30,26.469999,26.51,26.18,26.23,26.23,132700,851
2021-07-01,26.389999,26.41,25.92,25.98,25.98,224700,852
2021-07-02,26.200001,26.309999,26.030001,26.200001,26.200001,173100,853
2021-07-06,26.57,26.709999,25.92,26.049999,26.049999,314200,854
2021-07-07,26.540001,26.629999,26.280001,26.4,26.4,536100,855
2021-07-08,26.1,26.17,25.969999,26.129999,26.129999,218900,856
2021-07-09,26.5,26.790001,26.5,26.620001,26.620001,179200,857
2021-07-12,26.299999,26.559999,26.25,26.450001,26.450001,432300,858
2021-07-13,26.190001,26.4,26.16,26.290001,26.290001,168900,859
2021-07-14,26.290001,26.299999,26.1,26.110001,26.110001,106400,860
2021-07-15,26.280001,26.6,26.280001,26.360001,26.360001,191400,861
2021-07-16,26.5,26.549999,26.33,26.33,26.33,118600,862
2021-07-19,25.92,25.959999,25.559999,25.73,25.73,297300,863
2021-07-20,25.809999,26.139999,25.799999,26.09,26.09,104500,864
2021-07-21,26.09,26.26,26.01,26.190001,26.190001,177900,865
2021-07-22,26.5,26.6,26.4,26.52,26.52,75400,866
2021-07-23,26.690001,27.33,26.58,27.190001,27.190001,595800,867
2021-07-26,27.790001,28.200001,27.790001,28.15,28.15,393900,868
2021-07-27,28.08,28.129999,27.719999,28,28,197000,869
2021-07-28,27.67,27.67,27.09,27.389999,27.389999,677900,870
2021-07-29,27.620001,27.799999,27.620001,27.780001,27.780001,96300,871
2021-07-30,27.82,27.870001,27.27,27.379999,27.379999,107000,872
2021-08-02,27.6,27.65,27.01,27.139999,27.139999,160900,873
2021-08-03,26.67,26.879999,26.59,26.879999,26.879999,170800,874
2021-08-04,26.68,26.75,26.48,26.48,26.48,144600,875
2021-08-05,26.59,26.690001,26.530001,26.610001,26.610001,75700,876
2021-08-06,26.959999,27.07,26.5,26.5,26.5,138100,877
2021-08-09,26.290001,26.389999,26.219999,26.219999,26.219999,149900,878
2021-08-10,26.35,26.77,26.309999,26.67,26.67,68800,879
2021-08-11,26.74,26.82,26.65,26.799999,26.799999,66300,880
2021-08-12,26.700001,26.76,26.59,26.67,26.67,185200,881
2021-08-13,26.870001,27.139999,26.77,26.809999,26.809999,83700,882
2021-08-16,26.68,26.68,26.379999,26.450001,26.450001,107400,883
2021-08-17,26.01,26.049999,25.73,25.799999,25.799999,222100,884
2021-08-18,25.459999,25.5,25.1,25.15,25.15,303500,885
2021-08-19,24.74,24.879999,24.6,24.719999,24.719999,734700,886
2021-08-20,25,25.389999,25,25.299999,25.299999,110800,887
2021-08-23,25.73,25.950001,25.690001,25.719999,25.719999,260900,888
2021-08-24,26.120001,26.33,26,26,26,183300,889
2021-08-25,26.280001,26.35,26.129999,26.219999,26.219999,259000,890
2021-08-26,26.16,26.24,25.959999,25.959999,25.959999,252100,891
2021-08-27,26.25,26.58,26.209999,26.58,26.58,134000,892
2021-08-30,26.879999,26.92,26.700001,26.809999,26.809999,82300,893
2021-08-31,26.77,26.85,26.65,26.700001,26.700001,59700,894
2021-09-01,26.17,26.27,26.09,26.18,26.18,153000,895
2021-09-02,26.1,26.41,26.1,26.35,26.35,426900,896
2021-09-03,26.43,26.620001,26.4,26.459999,26.459999,83000,897
2021-09-07,26.33,26.360001,26.110001,26.110001,26.110001,164300,898
2021-09-08,26.110001,26.110001,25.77,25.870001,25.870001,78500,899
2021-09-09,26.24,26.32,26.16,26.16,26.16,72200,900
2021-09-10,26.99,27.360001,26.99,27.1,27.1,333300,901
2021-09-13,26.950001,26.969999,26.52,26.690001,26.690001,92600,902
2021-09-14,26.6,26.6,26.360001,26.389999,26.389999,96300,903
2021-09-15,26.719999,27.08,26.67,27,27,231800,904
2021-09-16,26.450001,26.450001,26.059999,26.110001,26.110001,210500,905
2021-09-17,26.5,26.51,25.92,26.059999,26.059999,182100,906
2021-09-20,25.43,25.5,25.049999,25.219999,25.219999,222600,907
2021-09-21,24.98,25.26,24.6,25.26,25.26,244000,908
2021-09-22,25.950001,26.18,25.77,25.799999,25.799999,232500,909
2021-09-23,25.799999,25.969999,25.73,25.85,25.85,65800,910
2021-09-24,25.9,26.33,25.9,26.18,26.18,403200,911
2021-09-27,26.17,26.370001,26.15,26.17,26.17,106000,912
2021-09-28,26.17,26.17,25.940001,26.01,26.01,111100,913
2021-09-29,25.940001,25.940001,25.5,25.5,25.5,1227000,914
2021-09-30,25.030001,25.200001,24.83,25.049999,25.049999,359500,915
2021-10-01,25.450001,25.76,25.450001,25.74,25.74,97800,916
2021-10-04,26.190001,26.33,25.860001,25.870001,25.870001,239100,917
2021-10-05,25.48,25.790001,25.42,25.58,25.58,103000,918
2021-10-06,25.459999,25.57,25.27,25.5,25.5,143500,919
2021-10-07,25.76,26.09,25.719999,26.09,26.09,143700,920
2021-10-08,26.200001,26.309999,26.1,26.17,26.17,141800,921
2021-10-11,26.700001,26.870001,26.6,26.65,26.65,116300,922
2021-10-12,26.799999,26.889999,26.4,26.4,26.4,97500,923
2021-10-13,26.91,27.709999,26.879999,27.530001,27.530001,511300,924
2021-10-14,28.209999,28.35,28.1,28.219999,28.219999,257600,925
2021-10-15,29.040001,29.23,28.77,28.950001,28.950001,779200,926
2021-10-18,28.92,28.93,28.65,28.780001,28.780001,218700,927
2021-10-19,28.780001,28.889999,28.620001,28.620001,28.620001,110600,928
2021-10-20,28.76,29.040001,28.610001,29.040001,29.040001,152300,929
2021-10-21,28.1,28.110001,27.76,27.860001,27.860001,233200,930
2021-10-22,27.790001,27.879999,27.280001,27.530001,27.530001,213500,931
2021-10-25,27.690001,27.879999,27.549999,27.700001,27.700001,243700,932
2021-10-26,27.66,27.77,27.4,27.5,27.5,883600,933
2021-10-27,26.959999,27.08,26.82,26.82,26.82,1135000,934
2021-10-28,27.129999,27.24,27.02,27.1,27.1,373000,935
2021-10-29,26.9,26.93,26.530001,26.84,26.84,463300,936
2021-11-01,26.709999,26.92,26.58,26.860001,26.860001,199300,937
2021-11-02,26.889999,26.91,26.58,26.719999,26.719999,265900,938
2021-11-03,26.700001,26.75,26.18,26.67,26.67,596800,939
2021-11-04,26.75,26.76,26.17,26.370001,26.370001,388600,940
2021-11-05,26.469999,26.700001,26.299999,26.57,26.57,227700,941
2021-11-08,26.83,27,26.74,26.93,26.93,487000,942
2021-11-09,26.84,26.879999,26.52,26.76,26.76,218100,943
2021-11-10,26.83,26.940001,26.219999,26.25,26.25,382200,944
2021-11-11,26.959999,27.08,26.809999,26.91,26.91,321300,945
2021-11-12,27,27.280001,27,27.190001,27.190001,259900,946
2021-11-15,27.16,27.190001,26.82,26.940001,26.940001,182200,947
2021-11-16,26.6,26.67,26.43,26.559999,26.559999,214200,948
2021-11-17,26.25,26.299999,25.629999,25.809999,25.809999,384200,949
2021-11-18,25.9,26.41,25.84,26.299999,26.299999,249900,950
2021-11-19,26.809999,26.9,26.700001,26.77,26.77,206400,951
2021-11-22,26.719999,27.030001,26.639999,26.73,26.73,147000,952
2021-11-23,27,27.190001,26.940001,26.99,26.99,173700,953
2021-11-24,27.25,27.4,27.139999,27.32,27.32,314500,954
2021-11-26,26.43,26.43,26.16,26.280001,26.280001,121400,955
2021-11-29,26.58,26.58,26.34,26.549999,26.549999,91800,956
2021-11-30,26.4,26.51,25.940001,26.209999,26.209999,245600,957
2021-12-01,26.16,26.32,25.66,25.68,25.68,397300,958
2021-12-02,26,26.309999,25.959999,26.200001,26.200001,257200,959
2021-12-03,26.139999,26.290001,25.91,26.08,26.08,168900,960
2021-12-06,26.26,26.540001,26.17,26.49,26.49,141100,961
2021-12-07,26.57,26.610001,26.42,26.49,26.49,239900,962
2021-12-08,26.530001,26.83,26.530001,26.74,26.74,179000,963
2021-12-09,26.360001,26.43,26.24,26.27,26.27,89600,964
2021-12-10,26.32,26.34,26.120001,26.209999,26.209999,113600,965
2021-12-13,26.200001,26.219999,26.08,26.17,26.17,79600,966
2021-12-14,26.049999,26.25,25.93,26.01,26.01,139700,967
2021-12-15,25.360001,26,25.129999,26,26,213600,968
2021-12-16,26.370001,26.389999,26.120001,26.190001,26.190001,121200,969
2021-12-17,26.280001,26.32,26.110001,26.16,26.16,80400,970
2021-12-20,26.16,26.280001,26.1,26.25,26.25,146900,971
2021-12-21,26.48,26.559999,26.389999,26.559999,26.559999,132600,972
2021-12-22,26.700001,26.799999,26.65,26.780001,26.780001,121100,973
2021-12-23,26.65,26.91,26.530001,26.83,26.83,115200,974
2021-12-27,26.799999,27.42,26.73,27.27,27.27,146900,975
2021-12-28,27.24,27.299999,27,27.040001,27.040001,128600,976
2021-12-29,26.860001,26.99,26.799999,26.969999,26.969999,55700,977
2021-12-30,26.9,27.040001,26.700001,26.74,26.74,71000,978
2021-12-31,27.030001,27.299999,27.030001,27.209999,27.209999,64400,979
2022-01-03,26.66,27.040001,26.459999,26.959999,26.959999,130200,980
2022-01-04,27.01,27.33,27.01,27.26,27.26,98400,981
2022-01-05,27.02,27.18,26.68,26.700001,26.700001,159300,982
2022-01-06,26.42,26.620001,26.360001,26.59,26.59,130900,983
2022-01-07,26.629999,26.940001,26.57,26.889999,26.889999,139400,984
2022-01-10,26.700001,26.700001,26.450001,26.610001,26.610001,75700,985
2022-01-11,26.83,27.07,26.65,27.030001,27.030001,64500,986
2022-01-12,27.719999,28.08,27.66,27.860001,27.860001,289300,987
2022-01-13,27.73,27.799999,27.5,27.5,27.5,154100,988
2022-01-14,27,27.17,26.91,27.1,27.1,132300,989
2022-01-18,26.940001,27.01,26.700001,26.84,26.84,101300,990
2022-01-19,27.280001,27.4,27.09,27.09,27.09,165200,991
2022-01-20,27.59,27.950001,27.549999,27.58,27.58,215400,992
2022-01-21,27.799999,27.91,27.42,27.450001,27.450001,155300,993
2022-01-24,26.940001,27.200001,26.719999,27.1,27.1,141700,994
2022-01-25,27.02,27.290001,26.91,27.18,27.18,62700,995
2022-01-26,27.34,27.6,26.940001,27.17,27.17,109000,996
2022-01-27,27.25,27.35,26.82,26.92,26.92,181100,997
2022-01-28,26.459999,26.48,26.17,26.4,26.4,119900,998
2022-01-31,26.110001,26.5,26.1,26.5,26.5,150600,999
2022-02-01,26.99,27.1,26.860001,27.040001,27.040001,63100,1000
2022-02-02,27.27,27.459999,27.07,27.32,27.32,69900,1001
2022-02-03,27.219999,27.35,27.059999,27.190001,27.190001,55500,1002
2022-02-04,27.26,27.530001,26.959999,27.450001,27.450001,85700,1003
2022-02-07,27.23,27.379999,27.030001,27.34,27.34,61200,1004
2022-02-08,27.1,27.299999,26.93,27.290001,27.290001,45400,1005
2022-02-09,27.610001,28.299999,27.610001,28.26,28.26,182900,1006
2022-02-10,28.360001,28.68,28.030001,28.15,28.15,154400,1007
2022-02-11,27.530001,27.65,27.139999,27.139999,27.139999,145000,1008
2022-02-14,27.24,27.540001,27.17,27.389999,27.389999,67400,1009
2022-02-15,27.66,27.690001,27.459999,27.629999,27.629999,108500,1010
2022-02-16,27.549999,27.77,27.549999,27.65,27.65,49900,1011
2022-02-17,27.639999,27.65,27.379999,27.459999,27.459999,34400,1012
2022-02-18,27.75,27.799999,27.52,27.559999,27.559999,80100,1013
2022-02-22,27.59,27.620001,27.360001,27.469999,27.469999,93200,1014
2022-02-23,27.459999,27.549999,27.120001,27.120001,27.120001,137300,1015
2022-02-24,27.280001,27.459999,27.07,27.440001,27.440001,164700,1016
2022-02-25,27.26,27.440001,27.24,27.440001,27.440001,90300,1017
2022-02-28,27.4,27.42,27.07,27.4,27.4,100300,1018
2022-03-01,27.83,27.98,27.65,27.82,27.82,153800,1019
2022-03-02,28.379999,28.540001,28.049999,28.5,28.5,152700,1020
2022-03-03,29,29.200001,28.719999,29.200001,29.200001,278500,1021
2022-03-04,29.629999,30.120001,29.610001,29.9,29.9,382700,1022
2022-03-07,28.870001,29.030001,28.43,28.91,28.91,443500,1023
2022-03-08,28.65,29.110001,28.299999,28.870001,28.870001,277700,1024
2022-03-09,28,28.290001,27.67,27.85,27.85,207200,1025
2022-03-10,28.34,28.4,28.110001,28.26,28.26,270300,1026
2022-03-11,28.35,28.450001,27.93,28,28,104000,1027
2022-03-14,27.6,27.620001,27.360001,27.41,27.41,188300,1028
2022-03-15,27.23,27.469999,27.16,27.440001,27.440001,121100,1029
2022-03-16,27.77,28.309999,27.75,28.309999,28.309999,888200,1030
2022-03-17,28.42,28.74,28.290001,28.59,28.59,1043000,1031
2022-03-18,28.65,28.950001,28.5,28.719999,28.719999,210100,1032
2022-03-21,28.67,28.82,28.540001,28.549999,28.549999,134300,1033
2022-03-22,28.75,28.82,28.51,28.629999,28.629999,83800,1034
2022-03-23,28.879999,29.16,28.76,29.15,29.15,128300,1035
2022-03-24,29.200001,29.200001,28.690001,28.73,28.73,94900,1036
2022-03-25,28.6,28.75,28.52,28.610001,28.610001,91100,1037
2022-03-28,28.549999,28.870001,28.51,28.75,28.75,66200,1038
2022-03-29,28.76,28.959999,28.700001,28.92,28.92,90400,1039
2022-03-30,29.01,29.049999,28.76,28.82,28.82,113700,1040
2022-03-31,28.940001,28.98,28.68,28.709999,28.709999,121300,1041
2022-04-01,28.620001,28.870001,28.49,28.65,28.65,153500,1042
2022-04-04,29.110001,29.24,28.99,29.120001,29.120001,118600,1043
2022-04-05,29.219999,29.32,28.9,28.92,28.92,124400,1044
2022-04-06,28.98,29.040001,28.58,28.73,28.73,79000,1045
2022-04-07,28.6,28.76,28.530001,28.65,28.65,103600,1046
2022-04-08,28.77,28.799999,28.65,28.67,28.67,948900,1047
2022-04-11,28.34,28.41,28.1,28.1,28.1,766800,1048
2022-04-12,28.299999,28.690001,28.280001,28.57,28.57,405600,1049
2022-04-13,28.52,28.700001,28.41,28.6,28.6,77800,1050
2022-04-14,28.51,28.74,28.389999,28.59,28.59,99400,1051
2022-04-18,29.040001,29.41,29.040001,29.25,29.25,330800,1052
2022-04-19,28.66,28.700001,28.469999,28.620001,28.620001,238600,1053
2022-04-20,28.290001,28.4,28.23,28.4,28.4,95300,1054
2022-04-21,28.629999,28.66,28.42,28.42,28.42,114900,1055
2022-04-22,28.35,28.469999,27.780001,27.83,27.83,168000,1056
2022-04-25,27.030001,27.35,26.83,27.27,27.27,537700,1057
2022-04-26,27.15,27.200001,26.889999,26.9,26.9,114500,1058
2022-04-27,26.91,27.209999,26.91,27,27,105700,1059
2022-04-28,26.709999,26.950001,26.57,26.84,26.84,149600,1060
2022-04-29,26.77,26.9,26.450001,26.450001,26.450001,125500,1061
2022-05-02,25.809999,25.93,25.43,25.9,25.9,277900,1062
2022-05-03,26.01,26.190001,25.809999,25.940001,25.940001,208200,1063
2022-05-04,25.870001,26.51,25.73,26.5,26.5,154600,1064
2022-05-05,26.309999,26.34,25.9,25.959999,25.959999,150600,1065
2022-05-06,25.85,25.889999,25.620001,25.75,25.75,108700,1066
2022-05-09,25.4,25.6,25.059999,25.459999,25.459999,217000,1067
2022-05-10,25.57,25.6,25.040001,25.23,25.23,119300,1068
2022-05-11,25.52,25.75,25.360001,25.450001,25.450001,155000,1069
2022-05-12,24.799999,24.92,24.51,24.73,24.73,175700,1070
2022-05-13,24.9,25.32,24.67,25.25,25.25,129900,1071
2022-05-16,25.200001,25.530001,25.190001,25.469999,25.469999,117100,1072
2022-05-17,25.9,25.9,25.459999,25.57,25.57,104000,1073
2022-05-18,25.41,25.51,25.030001,25.07,25.07,149400,1074
2022-05-19,25.540001,25.99,25.540001,25.85,25.85,120300,1075
2022-05-20,26.08,26.110001,25.709999,25.969999,25.969999,145600,1076
2022-05-23,26.120001,26.35,26.110001,26.25,26.25,96500,1077
2022-05-24,25.969999,26.120001,25.870001,26.1,26.1,102000,1078
2022-05-25,25.629999,25.940001,25.610001,25.91,25.91,98400,1079
2022-05-26,25.66,25.85,25.66,25.85,25.85,188600,1080
2022-05-27,25.969999,26.18,25.969999,26.18,26.18,69400,1081
2022-05-31,26.280001,26.309999,25.91,25.969999,25.969999,89800,1082
2022-06-01,26.280001,26.32,26.09,26.23,26.23,69800,1083
2022-06-02,27.059999,27.639999,27.059999,27.620001,27.620001,274900,1084
2022-06-03,27.299999,27.35,27.030001,27.059999,27.059999,63700,1085
2022-06-06,27.059999,27.059999,26.77,26.879999,26.879999,102400,1086
2022-06-07,26.67,27,26.52,26.98,26.98,87100,1087
2022-06-08,26.559999,26.969999,26.559999,26.83,26.83,69500,1088
2022-06-09,26.530001,26.639999,26.360001,26.389999,26.389999,107800,1089
2022-06-10,26.09,26.09,25.93,26.040001,26.040001,86000,1090
2022-06-13,25.459999,25.68,25.280001,25.41,25.41,120900,1091
2022-06-14,25.42,25.48,24.950001,25.059999,25.059999,92500,1092
2022-06-15,25.1,25.4,24.969999,25.25,25.25,154200,1093
2022-06-16,24.74,25,24.530001,24.84,24.84,104700,1094
2022-06-17,24.66,24.66,24.190001,24.370001,24.370001,170200,1095
2022-06-21,24.57,24.66,24.309999,24.370001,24.370001,127200,1096
2022-06-22,23.74,23.940001,23.6,23.799999,23.799999,208600,1097
2022-06-23,23.280001,23.379999,22.59,22.68,22.68,175800,1098
2022-06-24,22.280001,22.870001,22.02,22.6,22.6,829100,1099
2022-06-27,22.77,22.98,22.620001,22.73,22.73,170500,1100
2022-06-28,22.99,23,22.639999,22.709999,22.709999,67500,1101
2022-06-29,22.940001,23.01,22.709999,22.799999,22.799999,123600,1102
2022-06-30,22.43,22.58,22.190001,22.219999,22.219999,110700,1103
2022-07-01,21.790001,21.93,21.5,21.82,21.82,240200,1104
2022-07-05,20.73,20.92,20.57,20.74,20.74,332300,1105
2022-07-06,20.459999,20.85,20.26,20.780001,20.780001,154700,1106
2022-07-07,21.280001,21.629999,21.23,21.34,21.34,225800,1107
2022-07-08,21.370001,21.459999,21.139999,21.26,21.26,56400,1108
2022-07-11,20.799999,20.799999,20.469999,20.65,20.65,119200,1109
2022-07-12,20.08,20.200001,19.57,19.629999,19.629999,458900,1110
2022-07-13,19.65,20.15,19.43,20.040001,20.040001,291300,1111
2022-07-14,19.24,19.58,19.17,19.51,19.51,100500,1112
2022-07-15,19.309999,19.75,19.110001,19.51,19.51,211500,1113
2022-07-18,20.129999,20.35,19.959999,20.01,20.01,147100,1114
2022-07-19,19.82,19.950001,19.73,19.860001,19.860001,151100,1115
2022-07-20,20.33,20.33,19.92,20.09,20.09,255200,1116
2022-07-21,19.75,19.98,19.66,19.950001,19.950001,81200,1117
2022-07-22,20.190001,20.5,20,20.059999,20.059999,113400,1118
2022-07-25,20.459999,20.459999,20.27,20.379999,20.379999,129600,1119
2022-07-26,20.73,20.73,20.389999,20.49,20.49,200500,1120
2022-07-27,20.57,21,20.5,21,21,211200,1121
2022-07-28,21.110001,21.190001,20.9,21.02,21.02,99600,1122
2022-07-29,21.280001,21.709999,21.1,21.700001,21.700001,148600,1123
2022-08-01,21.440001,21.440001,21.23,21.33,21.33,112600,1124
2022-08-02,21.32,21.42,21,21.049999,21.049999,130900,1125
2022-08-03,21.08,21.23,20.84,21.030001,21.030001,69500,1126
2022-08-04,20.76,21.27,20.639999,21.1,21.1,100200,1127
2022-08-05,21.049999,21.719999,21.049999,21.57,21.57,92400,1128
2022-08-08,21.6,21.91,21.52,21.74,21.74,76700,1129
2022-08-09,21.85,21.91,21.610001,21.700001,21.700001,135400,1130
2022-08-10,22,22.120001,21.91,22,22,124800,1131
2022-08-11,22.32,22.43,22.25,22.280001,22.280001,91800,1132
2022-08-12,22.08,22.27,22,22.200001,22.200001,59700,1133
2022-08-15,21.65,21.9,21.549999,21.870001,21.870001,128700,1134
2022-08-16,21.870001,21.99,21.73,21.860001,21.860001,74700,1135
2022-08-17,21.799999,21.799999,21.57,21.66,21.66,75800,1136
2022-08-18,21.93,22.09,21.879999,22.030001,22.030001,52800,1137
2022-08-19,22.1,22.209999,21.98,22.1,22.1,46600,1138
2022-08-22,21.9,22.049999,21.75,22.040001,22.040001,133500,1139
2022-08-23,22.120001,22.440001,22.120001,22.25,22.25,65400,1140
2022-08-24,21.99,22.09,21.91,21.959999,21.959999,41800,1141
2022-08-25,22.129999,22.33,22.129999,22.32,22.32,48500,1142
2022-08-26,22.709999,22.940001,22.139999,22.190001,22.190001,158000,1143
2022-08-29,21.76,21.91,21.639999,21.67,21.67,199600,1144
2022-08-30,21.540001,21.620001,21.32,21.370001,21.370001,75000,1145
2022-08-31,21.110001,21.309999,21,21.129999,21.129999,80900,1146
2022-09-01,20.799999,20.799999,20.469999,20.5,20.5,156700,1147
2022-09-02,20.58,20.799999,20.41,20.450001,20.450001,66100,1148
2022-09-06,20.84,20.92,20.709999,20.84,20.84,54500,1149
2022-09-07,20.559999,20.799999,20.530001,20.709999,20.709999,67200,1150
2022-09-08,20.940001,21.41,20.93,21.33,21.33,145200,1151
2022-09-09,21.32,21.48,21.26,21.370001,21.370001,83600,1152
2022-09-12,21.74,21.780001,21.5,21.75,21.75,103600,1153
2022-09-13,21.389999,21.65,21.17,21.209999,21.209999,125000,1154
2022-09-14,21.120001,21.33,21.1,21.120001,21.120001,50300,1155
2022-09-15,21,21.17,20.860001,20.879999,20.879999,143100,1156
2022-09-16,20.969999,21.309999,20.93,21.309999,21.309999,59700,1157
2022-09-19,21.110001,21.219999,21,21.219999,21.219999,54100,1158
2022-09-20,21.209999,21.219999,20.93,21.040001,21.040001,84000,1159
2022-09-21,20.950001,21.02,20.51,20.690001,20.690001,63100,1160
2022-09-22,21,21.200001,20.809999,20.82,20.82,67400,1161
2022-09-23,20.25,20.25,20.030001,20.120001,20.120001,124700,1162
2022-09-26,20.139999,20.24,19.73,19.82,19.82,107800,1163
2022-09-27,19.950001,20.120001,19.68,19.790001,19.790001,89100,1164
2022-09-28,19.84,20.43,19.82,20.370001,20.370001,46200,1165
2022-09-29,20.440001,20.709999,20.25,20.67,20.67,72300,1166
2022-09-30,20.52,20.809999,20.4,20.450001,20.450001,55000,1167
2022-10-03,20.34,20.59,20.309999,20.540001,20.540001,38100,1168
2022-10-04,20.66,21.23,20.549999,21.08,21.08,61900,1169
2022-10-05,20.860001,21.43,20.74,21.379999,21.379999,596900,1170
2022-10-06,21,21.200001,20.65,20.690001,20.690001,877600,1171
2022-10-07,20.52,20.6,20.34,20.34,20.34,110400,1172
2022-10-10,20.719999,20.940001,20.610001,20.74,20.74,52800,1173
2022-10-11,20.65,20.9,20.52,20.58,20.58,58100,1174
2022-10-12,20.629999,20.690001,20.530001,20.629999,20.629999,44400,1175
2022-10-13,20.360001,20.92,20.299999,20.879999,20.879999,68700,1176
2022-10-14,21,21,20.49,20.540001,20.540001,112000,1177
2022-10-17,20.700001,20.91,20.450001,20.469999,20.469999,170600,1178
2022-10-18,20.389999,20.51,20.120001,20.219999,20.219999,76000,1179
2022-10-19,20.030001,20.23,19.959999,19.99,19.99,57300,1180
2022-10-20,20.41,20.709999,20.41,20.49,20.49,38900,1181
2022-10-21,20.469999,20.99,20.450001,20.98,20.98,67700,1182
2022-10-24,20.82,20.84,20.639999,20.709999,20.709999,132300,1183
2022-10-25,20.469999,20.629999,20.450001,20.530001,20.530001,76500,1184
2022-10-26,20.969999,21.43,20.969999,21.4,21.4,93300,1185
2022-10-27,21.309999,21.459999,21.17,21.23,21.23,80000,1186
2022-10-28,20.860001,20.860001,20.639999,20.74,20.74,48400,1187
2022-10-31,20.26,20.48,20.219999,20.35,20.35,115100,1188
2022-11-01,21.059999,21.059999,20.780001,20.950001,20.950001,49000,1189
2022-11-02,20.889999,21.15,20.700001,20.73,20.73,33600,1190
2022-11-03,20.450001,20.790001,20.450001,20.65,20.65,87700,1191
2022-11-04,21.98,22.4,21.870001,22.389999,22.389999,183100,1192
2022-11-07,21.809999,21.809999,21.610001,21.690001,21.690001,105800,1193
2022-11-08,21.92,22.280001,21.9,22.139999,22.139999,65000,1194
2022-11-09,22.309999,22.58,22.110001,22.139999,22.139999,73400,1195
2022-11-10,22.66,22.91,22.6,22.84,22.84,162900,1196
2022-11-11,23.26,23.82,23.200001,23.73,23.73,262400,1197
2022-11-14,23.110001,23.33,23.059999,23.16,23.16,85900,1198
2022-11-15,23.09,23.129999,22.889999,23.040001,23.040001,96300,1199
2022-11-16,22.82,22.860001,22.620001,22.690001,22.690001,30800,1200
2022-11-17,22.049999,22.379999,22.02,22.190001,22.190001,106900,1201
2022-11-18,22.07,22.23,21.940001,21.959999,21.959999,219800,1202
2022-11-21,21.690001,21.709999,21.459999,21.6,21.6,84400,1203
2022-11-22,21.98,22.01,21.77,21.870001,21.870001,102700,1204
2022-11-23,21.75,22.030001,21.74,21.959999,21.959999,107100,1205
2022-11-25,21.82,21.92,21.809999,21.809999,21.809999,80000,1206
2022-11-28,21.75,21.889999,21.66,21.690001,21.690001,91600,1207
2022-11-29,21.940001,22.059999,21.940001,22.01,22.01,52800,1208
2022-11-30,22.719999,22.870001,22.370001,22.82,22.82,179500,1209
2022-12-01,22.85,23.030001,22.790001,22.9,22.9,112900,1210
2022-12-02,22.76,23.309999,22.76,23.299999,23.299999,109400,1211
2022-12-05,23.209999,23.309999,22.75,22.870001,22.870001,57900,1212
2022-12-06,23.16,23.280001,22.940001,23.059999,23.059999,66200,1213
2022-12-07,23.08,23.379999,23.049999,23.26,23.26,79900,1214
2022-12-08,23.530001,23.65,23.35,23.43,23.43,103600,1215
2022-12-09,23.290001,23.5,23.219999,23.23,23.23,115500,1216
2022-12-12,23.059999,23.1,22.879999,23.030001,23.030001,80500,1217
2022-12-13,23.690001,23.690001,23.190001,23.24,23.24,295900,1218
2022-12-14,23.26,23.530001,23.120001,23.299999,23.299999,84600,1219
2022-12-15,23.18,23.26,22.700001,22.790001,22.790001,113700,1220
2022-12-16,22.709999,22.870001,22.66,22.780001,22.780001,55600,1221
2022-12-19,22.879999,22.940001,22.66,22.73,22.73,47600,1222
2022-12-20,22.809999,23.139999,22.790001,23.02,23.02,117400,1223
2022-12-21,22.950001,23.139999,22.92,23.07,23.07,79400,1224
2022-12-22,22.790001,22.870001,22.66,22.73,22.73,144000,1225
2022-12-23,22.799999,23.1,22.75,23.059999,23.059999,58500,1226
2022-12-27,23.15,23.450001,23,23.02,23.02,494700,1227
2022-12-28,23.16,23.299999,23.1,23.16,23.16,184600,1228
2022-12-29,22.860001,23.25,22.860001,23.16,23.16,65400,1229
2022-12-30,22.860001,23.15,22.860001,23.09,23.09,99900,1230
2023-01-03,23.07,23.33,22.75,22.790001,22.790001,81400,1231
2023-01-04,22.780001,22.780001,22.540001,22.66,22.66,508500,1232
2023-01-05,23,23.24,22.98,23.18,23.18,81200,1233
2023-01-06,23.33,23.790001,23.24,23.790001,23.790001,125600,1234
2023-01-09,24.209999,24.540001,24.209999,24.290001,24.290001,116300,1235
2023-01-10,24.370001,24.74,24.370001,24.690001,24.690001,90500,1236
2023-01-11,25.15,25.379999,25.040001,25.34,25.34,352400,1237
2023-01-12,25.309999,25.43,25.030001,25.25,25.25,128200,1238
2023-01-13,25.200001,25.639999,25.200001,25.549999,25.549999,407200,1239
2023-01-17,25.52,25.719999,25.27,25.67,25.67,355200,1240
2023-01-18,26.25,26.379999,25.5,25.57,25.57,1389800,1241
2023-01-19,25.6,25.870001,25.549999,25.77,25.77,258100,1242
2023-01-20,25.66,25.93,25.5,25.93,25.93,178100,1243
2023-01-23,25.709999,25.870001,25.59,25.790001,25.790001,309900,1244
2023-01-24,25.73,25.889999,25.6,25.84,25.84,171900,1245
2023-01-25,25.66,25.879999,25.57,25.879999,25.879999,127800,1246
2023-01-26,25.879999,26.02,25.690001,25.959999,25.959999,78100,1247
2023-01-27,25.83,25.83,25.299999,25.620001,25.620001,117600,1248
2023-01-30,25.450001,25.6,25.309999,25.370001,25.370001,204200,1249
2023-01-31,25.290001,25.690001,25.219999,25.639999,25.639999,49800,1250
2023-02-01,25.32,25.5,24.92,25.440001,25.440001,186600,1251
2023-02-02,25.379999,25.540001,24.780001,24.82,24.82,124400,1252
2023-02-03,24.82,25.02,24.5,24.559999,24.559999,79900,1253
2023-02-06,24.48,24.58,24.280001,24.530001,24.530001,171200,1254
2023-02-07,24.51,24.82,24.34,24.74,24.74,105600,1255
2023-02-08,24.719999,24.780001,24.41,24.57,24.57,55400,1256
2023-02-09,24.99,24.99,24.629999,24.75,24.75,102200,1257